repo,path
Cocolon,App.js
Cocolon,guide/guidesJa.js
Cocolon,guide/termsJa.js
Cocolon,lib/iap/iapRuntimeCatalog.js
Cocolon,screens/DeepInsightScreen.js
Cocolon,screens/DiscoveriesHistoryDetailScreen.js
Cocolon,screens/DiscoveriesHistoryListScreen.js
Cocolon,screens/EchoesHistoryDetailScreen.js
Cocolon,screens/EchoesHistoryListScreen.js
Cocolon,screens/MyModelCreateScreen.js
Cocolon,screens/MyWebReportHistoryScreen.js
Cocolon,screens/MyWebReportViewerScreen.js
Cocolon,screens/MyWebScreen.js
Cocolon,screens/SettingsScreen.js
Cocolon,screens/TodayQuestionHistoryScreen.js
Cocolon,screens/nexus/NexusReflectionCard.js
mashos-api,ai/services/ai_inference/api_deep_insight.py
mashos-api,ai/services/ai_inference/subscription_bootstrap_store.py
