module,method,path,systems,local_import_count,local_imports
ai/services/ai_inference/api_account_lifecycle.py,GET,/account/display-name/availability,account_settings,3,ai/services/ai_inference/account_delete_service.py | ai/services/ai_inference/api_account_visibility.py | ai/services/ai_inference/supabase_client.py
ai/services/ai_inference/api_account_lifecycle.py,GET,/account/profile/me,account_settings,3,ai/services/ai_inference/account_delete_service.py | ai/services/ai_inference/api_account_visibility.py | ai/services/ai_inference/supabase_client.py
ai/services/ai_inference/api_account_lifecycle.py,PATCH,/account/profile/me,account_settings,3,ai/services/ai_inference/account_delete_service.py | ai/services/ai_inference/api_account_visibility.py | ai/services/ai_inference/supabase_client.py
ai/services/ai_inference/api_account_lifecycle.py,POST,/account/delete,account_settings,3,ai/services/ai_inference/account_delete_service.py | ai/services/ai_inference/api_account_visibility.py | ai/services/ai_inference/supabase_client.py
ai/services/ai_inference/api_account_status.py,GET,/account/status,account_settings,3,ai/services/ai_inference/api_emotion_submit.py | ai/services/ai_inference/astor_account_status_store.py | ai/services/ai_inference/supabase_client.py
ai/services/ai_inference/api_account_visibility.py,GET,/account/visibility/me,account_settings,2,ai/services/ai_inference/api_emotion_submit.py | ai/services/ai_inference/astor_ranking_enqueue.py
ai/services/ai_inference/api_account_visibility.py,PATCH,/account/visibility/me,account_settings,2,ai/services/ai_inference/api_emotion_submit.py | ai/services/ai_inference/astor_ranking_enqueue.py
ai/services/ai_inference/api_account_visibility.py,GET,/account/profile,account_settings,2,ai/services/ai_inference/api_emotion_submit.py | ai/services/ai_inference/astor_ranking_enqueue.py
ai/services/ai_inference/api_activity_login.py,POST,/activity/login,,3,ai/services/ai_inference/api_emotion_submit.py | ai/services/ai_inference/astor_account_status_enqueue.py | ai/services/ai_inference/astor_ranking_enqueue.py
ai/services/ai_inference/api_app_bootstrap.py,GET,/app/bootstrap,startup_bootstrap,3,ai/services/ai_inference/api_emotion_submit.py | ai/services/ai_inference/client_compat.py | ai/services/ai_inference/startup_snapshot_store.py
ai/services/ai_inference/api_app_bootstrap.py,GET,/app/startup,startup_bootstrap,3,ai/services/ai_inference/api_emotion_submit.py | ai/services/ai_inference/client_compat.py | ai/services/ai_inference/startup_snapshot_store.py
ai/services/ai_inference/api_cron_distribution.py,POST,/cron/myweb/daily,,11,ai/services/ai_inference/api_emotion_submit.py | ai/services/ai_inference/api_myweb_reports.py | ai/services/ai_inference/astor_myprofile_report.py | ai/services/ai_inference/cron_run_store.py | ai/services/ai_inference/generation_lock.py | ai/services/ai_inference/observability.py | ai/services/ai_inference/publish_governance.py | ai/services/ai_inference/report_distribution_push_store.py | ai/services/ai_inference/report_distribution_settings_store.py | ai/services/ai_inference/subscription.py
ai/services/ai_inference/api_cron_distribution.py,POST,/cron/myweb/weekly,,11,ai/services/ai_inference/api_emotion_submit.py | ai/services/ai_inference/api_myweb_reports.py | ai/services/ai_inference/astor_myprofile_report.py | ai/services/ai_inference/cron_run_store.py | ai/services/ai_inference/generation_lock.py | ai/services/ai_inference/observability.py | ai/services/ai_inference/publish_governance.py | ai/services/ai_inference/report_distribution_push_store.py | ai/services/ai_inference/report_distribution_settings_store.py | ai/services/ai_inference/subscription.py
ai/services/ai_inference/api_cron_distribution.py,POST,/cron/myweb/monthly,,11,ai/services/ai_inference/api_emotion_submit.py | ai/services/ai_inference/api_myweb_reports.py | ai/services/ai_inference/astor_myprofile_report.py | ai/services/ai_inference/cron_run_store.py | ai/services/ai_inference/generation_lock.py | ai/services/ai_inference/observability.py | ai/services/ai_inference/publish_governance.py | ai/services/ai_inference/report_distribution_push_store.py | ai/services/ai_inference/report_distribution_settings_store.py | ai/services/ai_inference/subscription.py
ai/services/ai_inference/api_cron_distribution.py,POST,/cron/myprofile/monthly,,11,ai/services/ai_inference/api_emotion_submit.py | ai/services/ai_inference/api_myweb_reports.py | ai/services/ai_inference/astor_myprofile_report.py | ai/services/ai_inference/cron_run_store.py | ai/services/ai_inference/generation_lock.py | ai/services/ai_inference/observability.py | ai/services/ai_inference/publish_governance.py | ai/services/ai_inference/report_distribution_push_store.py | ai/services/ai_inference/report_distribution_settings_store.py | ai/services/ai_inference/subscription.py
ai/services/ai_inference/api_cron_distribution.py,POST,/cron/report-distribution/push,,11,ai/services/ai_inference/api_emotion_submit.py | ai/services/ai_inference/api_myweb_reports.py | ai/services/ai_inference/astor_myprofile_report.py | ai/services/ai_inference/cron_run_store.py | ai/services/ai_inference/generation_lock.py | ai/services/ai_inference/observability.py | ai/services/ai_inference/publish_governance.py | ai/services/ai_inference/report_distribution_push_store.py | ai/services/ai_inference/report_distribution_settings_store.py | ai/services/ai_inference/subscription.py
ai/services/ai_inference/api_deep_insight.py,GET,/deep_insight/questions,,13,ai/services/ai_inference/active_users_store.py | ai/services/ai_inference/api_emotion_submit.py | ai/services/ai_inference/astor_account_status_enqueue.py | ai/services/ai_inference/astor_core.py | ai/services/ai_inference/astor_deep_insight.py | ai/services/ai_inference/astor_deep_insight_question_store.py | ai/services/ai_inference/astor_deep_insight_store.py | ai/services/ai_inference/astor_ranking_enqueue.py | ai/services/ai_inference/astor_snapshot_enqueue.py | ai/services/ai_inference/deep_insight_strategy.py
ai/services/ai_inference/api_deep_insight.py,POST,/deep_insight/answers,,13,ai/services/ai_inference/active_users_store.py | ai/services/ai_inference/api_emotion_submit.py | ai/services/ai_inference/astor_account_status_enqueue.py | ai/services/ai_inference/astor_core.py | ai/services/ai_inference/astor_deep_insight.py | ai/services/ai_inference/astor_deep_insight_question_store.py | ai/services/ai_inference/astor_deep_insight_store.py | ai/services/ai_inference/astor_ranking_enqueue.py | ai/services/ai_inference/astor_snapshot_enqueue.py | ai/services/ai_inference/deep_insight_strategy.py
ai/services/ai_inference/api_emotion_history_manage.py,DELETE,/emotion/history/{emotion_id},,3,ai/services/ai_inference/api_account_visibility.py | ai/services/ai_inference/astor_global_summary_enqueue.py | ai/services/ai_inference/supabase_client.py
ai/services/ai_inference/api_emotion_history_search.py,POST,/emotion/history/search,,4,ai/services/ai_inference/api_emotion_submit.py | ai/services/ai_inference/publish_governance.py | ai/services/ai_inference/subscription.py | ai/services/ai_inference/subscription_store.py
ai/services/ai_inference/api_emotion_history_search.py,GET,/emotion/history/search,,4,ai/services/ai_inference/api_emotion_submit.py | ai/services/ai_inference/publish_governance.py | ai/services/ai_inference/subscription.py | ai/services/ai_inference/subscription_store.py
ai/services/ai_inference/api_emotion_reflection.py,GET,/emotion/reflection/quota,input_home|nexus_piece,7,ai/services/ai_inference/api_emotion_submit.py | ai/services/ai_inference/client_compat.py | ai/services/ai_inference/emotion_reflection_generation_service.py | ai/services/ai_inference/emotion_reflection_store.py | ai/services/ai_inference/emotion_submit_service.py | ai/services/ai_inference/reflection_publish_entitlements.py | ai/services/ai_inference/subscription.py
ai/services/ai_inference/api_emotion_reflection.py,POST,/emotion/reflection/preview,input_home|nexus_piece,7,ai/services/ai_inference/api_emotion_submit.py | ai/services/ai_inference/client_compat.py | ai/services/ai_inference/emotion_reflection_generation_service.py | ai/services/ai_inference/emotion_reflection_store.py | ai/services/ai_inference/emotion_submit_service.py | ai/services/ai_inference/reflection_publish_entitlements.py | ai/services/ai_inference/subscription.py
ai/services/ai_inference/api_emotion_reflection.py,POST,/emotion/reflection/publish,input_home|nexus_piece,7,ai/services/ai_inference/api_emotion_submit.py | ai/services/ai_inference/client_compat.py | ai/services/ai_inference/emotion_reflection_generation_service.py | ai/services/ai_inference/emotion_reflection_store.py | ai/services/ai_inference/emotion_submit_service.py | ai/services/ai_inference/reflection_publish_entitlements.py | ai/services/ai_inference/subscription.py
ai/services/ai_inference/api_emotion_reflection.py,POST,/emotion/reflection/cancel,input_home|nexus_piece,7,ai/services/ai_inference/api_emotion_submit.py | ai/services/ai_inference/client_compat.py | ai/services/ai_inference/emotion_reflection_generation_service.py | ai/services/ai_inference/emotion_reflection_store.py | ai/services/ai_inference/emotion_submit_service.py | ai/services/ai_inference/reflection_publish_entitlements.py | ai/services/ai_inference/subscription.py
ai/services/ai_inference/api_emotion_secret.py,POST,/emotion/secret,input_home,2,ai/services/ai_inference/api_emotion_submit.py | ai/services/ai_inference/astor_job_queue.py
ai/services/ai_inference/api_emotion_submit.py,POST,/emotion/submit,input_home,12,ai/services/ai_inference/astor_core.py | ai/services/ai_inference/astor_ranking_enqueue.py | ai/services/ai_inference/astor_account_status_enqueue.py | ai/services/ai_inference/astor_friend_feed_enqueue.py | ai/services/ai_inference/astor_global_summary_enqueue.py | ai/services/ai_inference/astor_snapshot_enqueue.py | ai/services/ai_inference/client_compat.py | ai/services/ai_inference/supabase_client.py | ai/services/ai_inference/supabase_auth_token_cache.py | ai/services/ai_inference/response_microcache.py | ai/services/ai_inference/input_feedback_text_templates.py | ai/services/ai_inference/emotion_submit_service.py
ai/services/ai_inference/api_friends.py,POST,/friends/request,emotionlog_social,4,ai/services/ai_inference/api_emotion_submit.py | ai/services/ai_inference/astor_friend_feed_store.py | ai/services/ai_inference/response_microcache.py | ai/services/ai_inference/supabase_client.py
ai/services/ai_inference/api_friends.py,POST,/friends/requests/{request_id}/accept,emotionlog_social,4,ai/services/ai_inference/api_emotion_submit.py | ai/services/ai_inference/astor_friend_feed_store.py | ai/services/ai_inference/response_microcache.py | ai/services/ai_inference/supabase_client.py
ai/services/ai_inference/api_friends.py,POST,/friends/requests/{request_id}/reject,emotionlog_social,4,ai/services/ai_inference/api_emotion_submit.py | ai/services/ai_inference/astor_friend_feed_store.py | ai/services/ai_inference/response_microcache.py | ai/services/ai_inference/supabase_client.py
ai/services/ai_inference/api_friends.py,POST,/friends/requests/{request_id}/cancel,emotionlog_social,4,ai/services/ai_inference/api_emotion_submit.py | ai/services/ai_inference/astor_friend_feed_store.py | ai/services/ai_inference/response_microcache.py | ai/services/ai_inference/supabase_client.py
ai/services/ai_inference/api_friends.py,POST,/friends/remove,emotionlog_social,4,ai/services/ai_inference/api_emotion_submit.py | ai/services/ai_inference/astor_friend_feed_store.py | ai/services/ai_inference/response_microcache.py | ai/services/ai_inference/supabase_client.py
ai/services/ai_inference/api_friends.py,GET,/emotion-log/feed,emotionlog_social,4,ai/services/ai_inference/api_emotion_submit.py | ai/services/ai_inference/astor_friend_feed_store.py | ai/services/ai_inference/response_microcache.py | ai/services/ai_inference/supabase_client.py
ai/services/ai_inference/api_friends.py,GET,/friends/feed,emotionlog_social,4,ai/services/ai_inference/api_emotion_submit.py | ai/services/ai_inference/astor_friend_feed_store.py | ai/services/ai_inference/response_microcache.py | ai/services/ai_inference/supabase_client.py
ai/services/ai_inference/api_friends.py,GET,/friends/manage,emotionlog_social,4,ai/services/ai_inference/api_emotion_submit.py | ai/services/ai_inference/astor_friend_feed_store.py | ai/services/ai_inference/response_microcache.py | ai/services/ai_inference/supabase_client.py
ai/services/ai_inference/api_friends.py,GET,/emotion-log/unread-status,emotionlog_social,4,ai/services/ai_inference/api_emotion_submit.py | ai/services/ai_inference/astor_friend_feed_store.py | ai/services/ai_inference/response_microcache.py | ai/services/ai_inference/supabase_client.py
ai/services/ai_inference/api_friends.py,GET,/friends/unread-status,emotionlog_social,4,ai/services/ai_inference/api_emotion_submit.py | ai/services/ai_inference/astor_friend_feed_store.py | ai/services/ai_inference/response_microcache.py | ai/services/ai_inference/supabase_client.py
ai/services/ai_inference/api_friends.py,POST,/emotion-log/unread/read-feed,emotionlog_social,4,ai/services/ai_inference/api_emotion_submit.py | ai/services/ai_inference/astor_friend_feed_store.py | ai/services/ai_inference/response_microcache.py | ai/services/ai_inference/supabase_client.py
ai/services/ai_inference/api_friends.py,POST,/friends/unread/read-feed,emotionlog_social,4,ai/services/ai_inference/api_emotion_submit.py | ai/services/ai_inference/astor_friend_feed_store.py | ai/services/ai_inference/response_microcache.py | ai/services/ai_inference/supabase_client.py
ai/services/ai_inference/api_friends.py,POST,/emotion-log/unread/read-requests,emotionlog_social,4,ai/services/ai_inference/api_emotion_submit.py | ai/services/ai_inference/astor_friend_feed_store.py | ai/services/ai_inference/response_microcache.py | ai/services/ai_inference/supabase_client.py
ai/services/ai_inference/api_friends.py,POST,/friends/unread/read-requests,emotionlog_social,4,ai/services/ai_inference/api_emotion_submit.py | ai/services/ai_inference/astor_friend_feed_store.py | ai/services/ai_inference/response_microcache.py | ai/services/ai_inference/supabase_client.py
ai/services/ai_inference/api_friends.py,GET,/emotion-notifications/settings,emotionlog_social,4,ai/services/ai_inference/api_emotion_submit.py | ai/services/ai_inference/astor_friend_feed_store.py | ai/services/ai_inference/response_microcache.py | ai/services/ai_inference/supabase_client.py
ai/services/ai_inference/api_friends.py,GET,/friends/notification-settings,emotionlog_social,4,ai/services/ai_inference/api_emotion_submit.py | ai/services/ai_inference/astor_friend_feed_store.py | ai/services/ai_inference/response_microcache.py | ai/services/ai_inference/supabase_client.py
ai/services/ai_inference/api_friends.py,POST,/emotion-notifications/settings/{friend_user_id},emotionlog_social,4,ai/services/ai_inference/api_emotion_submit.py | ai/services/ai_inference/astor_friend_feed_store.py | ai/services/ai_inference/response_microcache.py | ai/services/ai_inference/supabase_client.py
ai/services/ai_inference/api_friends.py,POST,/friends/notification-settings/{friend_user_id},emotionlog_social,4,ai/services/ai_inference/api_emotion_submit.py | ai/services/ai_inference/astor_friend_feed_store.py | ai/services/ai_inference/response_microcache.py | ai/services/ai_inference/supabase_client.py
ai/services/ai_inference/api_global_summary.py,GET,/global_summary,input_home,4,ai/services/ai_inference/astor_global_summary_enqueue.py | ai/services/ai_inference/astor_global_summary_kernel.py | ai/services/ai_inference/astor_global_summary_store.py | ai/services/ai_inference/response_microcache.py
ai/services/ai_inference/api_input_summary.py,GET,/input/summary,input_home,3,ai/services/ai_inference/api_emotion_submit.py | ai/services/ai_inference/response_microcache.py | ai/services/ai_inference/supabase_client.py
ai/services/ai_inference/api_mymodel_create.py,GET,/mymodel/create/questions,nexus_piece,9,ai/services/ai_inference/active_users_store.py | ai/services/ai_inference/api_emotion_submit.py | ai/services/ai_inference/astor_account_status_enqueue.py | ai/services/ai_inference/astor_snapshot_enqueue.py | ai/services/ai_inference/mymodel_entitlements.py | ai/services/ai_inference/reflection_text_formatter.py | ai/services/ai_inference/subscription.py | ai/services/ai_inference/subscription_store.py | ai/services/ai_inference/supabase_client.py
ai/services/ai_inference/api_mymodel_create.py,GET,/account/profile-create,nexus_piece,9,ai/services/ai_inference/active_users_store.py | ai/services/ai_inference/api_emotion_submit.py | ai/services/ai_inference/astor_account_status_enqueue.py | ai/services/ai_inference/astor_snapshot_enqueue.py | ai/services/ai_inference/mymodel_entitlements.py | ai/services/ai_inference/reflection_text_formatter.py | ai/services/ai_inference/subscription.py | ai/services/ai_inference/subscription_store.py | ai/services/ai_inference/supabase_client.py
ai/services/ai_inference/api_mymodel_create.py,POST,/mymodel/create/answers,nexus_piece,9,ai/services/ai_inference/active_users_store.py | ai/services/ai_inference/api_emotion_submit.py | ai/services/ai_inference/astor_account_status_enqueue.py | ai/services/ai_inference/astor_snapshot_enqueue.py | ai/services/ai_inference/mymodel_entitlements.py | ai/services/ai_inference/reflection_text_formatter.py | ai/services/ai_inference/subscription.py | ai/services/ai_inference/subscription_store.py | ai/services/ai_inference/supabase_client.py
ai/services/ai_inference/api_mymodel_qna.py,GET,/mymodel/qna/list,nexus_piece,14,ai/services/ai_inference/api_emotion_submit.py | ai/services/ai_inference/api_mymodel_create.py | ai/services/ai_inference/astor_account_status_enqueue.py | ai/services/ai_inference/astor_global_summary_enqueue.py | ai/services/ai_inference/astor_ranking_enqueue.py | ai/services/ai_inference/astor_snapshot_enqueue.py | ai/services/ai_inference/generated_reflection_display.py | ai/services/ai_inference/generated_reflection_identity.py | ai/services/ai_inference/mymodel_entitlements.py | ai/services/ai_inference/publish_governance.py
ai/services/ai_inference/api_mymodel_qna.py,GET,/mymodel/qna/unread,nexus_piece,14,ai/services/ai_inference/api_emotion_submit.py | ai/services/ai_inference/api_mymodel_create.py | ai/services/ai_inference/astor_account_status_enqueue.py | ai/services/ai_inference/astor_global_summary_enqueue.py | ai/services/ai_inference/astor_ranking_enqueue.py | ai/services/ai_inference/astor_snapshot_enqueue.py | ai/services/ai_inference/generated_reflection_display.py | ai/services/ai_inference/generated_reflection_identity.py | ai/services/ai_inference/mymodel_entitlements.py | ai/services/ai_inference/publish_governance.py
ai/services/ai_inference/api_mymodel_qna.py,GET,/mymodel/qna/trending,nexus_piece,14,ai/services/ai_inference/api_emotion_submit.py | ai/services/ai_inference/api_mymodel_create.py | ai/services/ai_inference/astor_account_status_enqueue.py | ai/services/ai_inference/astor_global_summary_enqueue.py | ai/services/ai_inference/astor_ranking_enqueue.py | ai/services/ai_inference/astor_snapshot_enqueue.py | ai/services/ai_inference/generated_reflection_display.py | ai/services/ai_inference/generated_reflection_identity.py | ai/services/ai_inference/mymodel_entitlements.py | ai/services/ai_inference/publish_governance.py
ai/services/ai_inference/api_mymodel_qna.py,GET,/mymodel/qna/holders,nexus_piece,14,ai/services/ai_inference/api_emotion_submit.py | ai/services/ai_inference/api_mymodel_create.py | ai/services/ai_inference/astor_account_status_enqueue.py | ai/services/ai_inference/astor_global_summary_enqueue.py | ai/services/ai_inference/astor_ranking_enqueue.py | ai/services/ai_inference/astor_snapshot_enqueue.py | ai/services/ai_inference/generated_reflection_display.py | ai/services/ai_inference/generated_reflection_identity.py | ai/services/ai_inference/mymodel_entitlements.py | ai/services/ai_inference/publish_governance.py
ai/services/ai_inference/api_mymodel_qna.py,GET,/mymodel/recommend/users,nexus_piece,14,ai/services/ai_inference/api_emotion_submit.py | ai/services/ai_inference/api_mymodel_create.py | ai/services/ai_inference/astor_account_status_enqueue.py | ai/services/ai_inference/astor_global_summary_enqueue.py | ai/services/ai_inference/astor_ranking_enqueue.py | ai/services/ai_inference/astor_snapshot_enqueue.py | ai/services/ai_inference/generated_reflection_display.py | ai/services/ai_inference/generated_reflection_identity.py | ai/services/ai_inference/mymodel_entitlements.py | ai/services/ai_inference/publish_governance.py
ai/services/ai_inference/api_mymodel_qna.py,GET,/mymodel/qna/detail,nexus_piece,14,ai/services/ai_inference/api_emotion_submit.py | ai/services/ai_inference/api_mymodel_create.py | ai/services/ai_inference/astor_account_status_enqueue.py | ai/services/ai_inference/astor_global_summary_enqueue.py | ai/services/ai_inference/astor_ranking_enqueue.py | ai/services/ai_inference/astor_snapshot_enqueue.py | ai/services/ai_inference/generated_reflection_display.py | ai/services/ai_inference/generated_reflection_identity.py | ai/services/ai_inference/mymodel_entitlements.py | ai/services/ai_inference/publish_governance.py
ai/services/ai_inference/api_mymodel_qna.py,POST,/mymodel/qna/view,nexus_piece,14,ai/services/ai_inference/api_emotion_submit.py | ai/services/ai_inference/api_mymodel_create.py | ai/services/ai_inference/astor_account_status_enqueue.py | ai/services/ai_inference/astor_global_summary_enqueue.py | ai/services/ai_inference/astor_ranking_enqueue.py | ai/services/ai_inference/astor_snapshot_enqueue.py | ai/services/ai_inference/generated_reflection_display.py | ai/services/ai_inference/generated_reflection_identity.py | ai/services/ai_inference/mymodel_entitlements.py | ai/services/ai_inference/publish_governance.py
ai/services/ai_inference/api_mymodel_qna.py,POST,/mymodel/qna/resonance,nexus_piece,14,ai/services/ai_inference/api_emotion_submit.py | ai/services/ai_inference/api_mymodel_create.py | ai/services/ai_inference/astor_account_status_enqueue.py | ai/services/ai_inference/astor_global_summary_enqueue.py | ai/services/ai_inference/astor_ranking_enqueue.py | ai/services/ai_inference/astor_snapshot_enqueue.py | ai/services/ai_inference/generated_reflection_display.py | ai/services/ai_inference/generated_reflection_identity.py | ai/services/ai_inference/mymodel_entitlements.py | ai/services/ai_inference/publish_governance.py
ai/services/ai_inference/api_mymodel_qna.py,GET,/mymodel/qna/echoes/reflections,nexus_piece,14,ai/services/ai_inference/api_emotion_submit.py | ai/services/ai_inference/api_mymodel_create.py | ai/services/ai_inference/astor_account_status_enqueue.py | ai/services/ai_inference/astor_global_summary_enqueue.py | ai/services/ai_inference/astor_ranking_enqueue.py | ai/services/ai_inference/astor_snapshot_enqueue.py | ai/services/ai_inference/generated_reflection_display.py | ai/services/ai_inference/generated_reflection_identity.py | ai/services/ai_inference/mymodel_entitlements.py | ai/services/ai_inference/publish_governance.py
ai/services/ai_inference/api_mymodel_qna.py,POST,/mymodel/qna/echoes/submit,nexus_piece,14,ai/services/ai_inference/api_emotion_submit.py | ai/services/ai_inference/api_mymodel_create.py | ai/services/ai_inference/astor_account_status_enqueue.py | ai/services/ai_inference/astor_global_summary_enqueue.py | ai/services/ai_inference/astor_ranking_enqueue.py | ai/services/ai_inference/astor_snapshot_enqueue.py | ai/services/ai_inference/generated_reflection_display.py | ai/services/ai_inference/generated_reflection_identity.py | ai/services/ai_inference/mymodel_entitlements.py | ai/services/ai_inference/publish_governance.py
ai/services/ai_inference/api_mymodel_qna.py,POST,/mymodel/qna/echoes/delete,nexus_piece,14,ai/services/ai_inference/api_emotion_submit.py | ai/services/ai_inference/api_mymodel_create.py | ai/services/ai_inference/astor_account_status_enqueue.py | ai/services/ai_inference/astor_global_summary_enqueue.py | ai/services/ai_inference/astor_ranking_enqueue.py | ai/services/ai_inference/astor_snapshot_enqueue.py | ai/services/ai_inference/generated_reflection_display.py | ai/services/ai_inference/generated_reflection_identity.py | ai/services/ai_inference/mymodel_entitlements.py | ai/services/ai_inference/publish_governance.py
ai/services/ai_inference/api_mymodel_qna.py,GET,/mymodel/qna/echoes/history,nexus_piece,14,ai/services/ai_inference/api_emotion_submit.py | ai/services/ai_inference/api_mymodel_create.py | ai/services/ai_inference/astor_account_status_enqueue.py | ai/services/ai_inference/astor_global_summary_enqueue.py | ai/services/ai_inference/astor_ranking_enqueue.py | ai/services/ai_inference/astor_snapshot_enqueue.py | ai/services/ai_inference/generated_reflection_display.py | ai/services/ai_inference/generated_reflection_identity.py | ai/services/ai_inference/mymodel_entitlements.py | ai/services/ai_inference/publish_governance.py
ai/services/ai_inference/api_mymodel_qna.py,GET,/mymodel/qna/discoveries/reflections,nexus_piece,14,ai/services/ai_inference/api_emotion_submit.py | ai/services/ai_inference/api_mymodel_create.py | ai/services/ai_inference/astor_account_status_enqueue.py | ai/services/ai_inference/astor_global_summary_enqueue.py | ai/services/ai_inference/astor_ranking_enqueue.py | ai/services/ai_inference/astor_snapshot_enqueue.py | ai/services/ai_inference/generated_reflection_display.py | ai/services/ai_inference/generated_reflection_identity.py | ai/services/ai_inference/mymodel_entitlements.py | ai/services/ai_inference/publish_governance.py
ai/services/ai_inference/api_mymodel_qna.py,POST,/mymodel/qna/discoveries/submit,nexus_piece,14,ai/services/ai_inference/api_emotion_submit.py | ai/services/ai_inference/api_mymodel_create.py | ai/services/ai_inference/astor_account_status_enqueue.py | ai/services/ai_inference/astor_global_summary_enqueue.py | ai/services/ai_inference/astor_ranking_enqueue.py | ai/services/ai_inference/astor_snapshot_enqueue.py | ai/services/ai_inference/generated_reflection_display.py | ai/services/ai_inference/generated_reflection_identity.py | ai/services/ai_inference/mymodel_entitlements.py | ai/services/ai_inference/publish_governance.py
ai/services/ai_inference/api_mymodel_qna.py,POST,/mymodel/qna/discoveries/delete,nexus_piece,14,ai/services/ai_inference/api_emotion_submit.py | ai/services/ai_inference/api_mymodel_create.py | ai/services/ai_inference/astor_account_status_enqueue.py | ai/services/ai_inference/astor_global_summary_enqueue.py | ai/services/ai_inference/astor_ranking_enqueue.py | ai/services/ai_inference/astor_snapshot_enqueue.py | ai/services/ai_inference/generated_reflection_display.py | ai/services/ai_inference/generated_reflection_identity.py | ai/services/ai_inference/mymodel_entitlements.py | ai/services/ai_inference/publish_governance.py
ai/services/ai_inference/api_mymodel_qna.py,GET,/mymodel/qna/discoveries/history,nexus_piece,14,ai/services/ai_inference/api_emotion_submit.py | ai/services/ai_inference/api_mymodel_create.py | ai/services/ai_inference/astor_account_status_enqueue.py | ai/services/ai_inference/astor_global_summary_enqueue.py | ai/services/ai_inference/astor_ranking_enqueue.py | ai/services/ai_inference/astor_snapshot_enqueue.py | ai/services/ai_inference/generated_reflection_display.py | ai/services/ai_inference/generated_reflection_identity.py | ai/services/ai_inference/mymodel_entitlements.py | ai/services/ai_inference/publish_governance.py
ai/services/ai_inference/api_mymodel_qna.py,GET,/mymodel/qna/list,nexus_piece,14,ai/services/ai_inference/api_emotion_submit.py | ai/services/ai_inference/api_mymodel_create.py | ai/services/ai_inference/astor_account_status_enqueue.py | ai/services/ai_inference/astor_global_summary_enqueue.py | ai/services/ai_inference/astor_ranking_enqueue.py | ai/services/ai_inference/astor_snapshot_enqueue.py | ai/services/ai_inference/generated_reflection_display.py | ai/services/ai_inference/generated_reflection_identity.py | ai/services/ai_inference/mymodel_entitlements.py | ai/services/ai_inference/publish_governance.py
ai/services/ai_inference/api_mymodel_qna.py,GET,/mymodel/qna/unread,nexus_piece,14,ai/services/ai_inference/api_emotion_submit.py | ai/services/ai_inference/api_mymodel_create.py | ai/services/ai_inference/astor_account_status_enqueue.py | ai/services/ai_inference/astor_global_summary_enqueue.py | ai/services/ai_inference/astor_ranking_enqueue.py | ai/services/ai_inference/astor_snapshot_enqueue.py | ai/services/ai_inference/generated_reflection_display.py | ai/services/ai_inference/generated_reflection_identity.py | ai/services/ai_inference/mymodel_entitlements.py | ai/services/ai_inference/publish_governance.py
ai/services/ai_inference/api_mymodel_qna.py,GET,/mymodel/qna/unread-status,nexus_piece,14,ai/services/ai_inference/api_emotion_submit.py | ai/services/ai_inference/api_mymodel_create.py | ai/services/ai_inference/astor_account_status_enqueue.py | ai/services/ai_inference/astor_global_summary_enqueue.py | ai/services/ai_inference/astor_ranking_enqueue.py | ai/services/ai_inference/astor_snapshot_enqueue.py | ai/services/ai_inference/generated_reflection_display.py | ai/services/ai_inference/generated_reflection_identity.py | ai/services/ai_inference/mymodel_entitlements.py | ai/services/ai_inference/publish_governance.py
ai/services/ai_inference/api_mymodel_qna.py,GET,/mymodel/qna/detail,nexus_piece,14,ai/services/ai_inference/api_emotion_submit.py | ai/services/ai_inference/api_mymodel_create.py | ai/services/ai_inference/astor_account_status_enqueue.py | ai/services/ai_inference/astor_global_summary_enqueue.py | ai/services/ai_inference/astor_ranking_enqueue.py | ai/services/ai_inference/astor_snapshot_enqueue.py | ai/services/ai_inference/generated_reflection_display.py | ai/services/ai_inference/generated_reflection_identity.py | ai/services/ai_inference/mymodel_entitlements.py | ai/services/ai_inference/publish_governance.py
ai/services/ai_inference/api_mymodel_qna.py,POST,/mymodel/qna/view,nexus_piece,14,ai/services/ai_inference/api_emotion_submit.py | ai/services/ai_inference/api_mymodel_create.py | ai/services/ai_inference/astor_account_status_enqueue.py | ai/services/ai_inference/astor_global_summary_enqueue.py | ai/services/ai_inference/astor_ranking_enqueue.py | ai/services/ai_inference/astor_snapshot_enqueue.py | ai/services/ai_inference/generated_reflection_display.py | ai/services/ai_inference/generated_reflection_identity.py | ai/services/ai_inference/mymodel_entitlements.py | ai/services/ai_inference/publish_governance.py
ai/services/ai_inference/api_mymodel_qna.py,POST,/mymodel/qna/resonance,nexus_piece,14,ai/services/ai_inference/api_emotion_submit.py | ai/services/ai_inference/api_mymodel_create.py | ai/services/ai_inference/astor_account_status_enqueue.py | ai/services/ai_inference/astor_global_summary_enqueue.py | ai/services/ai_inference/astor_ranking_enqueue.py | ai/services/ai_inference/astor_snapshot_enqueue.py | ai/services/ai_inference/generated_reflection_display.py | ai/services/ai_inference/generated_reflection_identity.py | ai/services/ai_inference/mymodel_entitlements.py | ai/services/ai_inference/publish_governance.py
ai/services/ai_inference/api_mymodel_qna.py,GET,/mymodel/qna/echoes/reflections,nexus_piece,14,ai/services/ai_inference/api_emotion_submit.py | ai/services/ai_inference/api_mymodel_create.py | ai/services/ai_inference/astor_account_status_enqueue.py | ai/services/ai_inference/astor_global_summary_enqueue.py | ai/services/ai_inference/astor_ranking_enqueue.py | ai/services/ai_inference/astor_snapshot_enqueue.py | ai/services/ai_inference/generated_reflection_display.py | ai/services/ai_inference/generated_reflection_identity.py | ai/services/ai_inference/mymodel_entitlements.py | ai/services/ai_inference/publish_governance.py
ai/services/ai_inference/api_mymodel_qna.py,POST,/mymodel/qna/echoes/submit,nexus_piece,14,ai/services/ai_inference/api_emotion_submit.py | ai/services/ai_inference/api_mymodel_create.py | ai/services/ai_inference/astor_account_status_enqueue.py | ai/services/ai_inference/astor_global_summary_enqueue.py | ai/services/ai_inference/astor_ranking_enqueue.py | ai/services/ai_inference/astor_snapshot_enqueue.py | ai/services/ai_inference/generated_reflection_display.py | ai/services/ai_inference/generated_reflection_identity.py | ai/services/ai_inference/mymodel_entitlements.py | ai/services/ai_inference/publish_governance.py
ai/services/ai_inference/api_mymodel_qna.py,POST,/mymodel/qna/echoes/delete,nexus_piece,14,ai/services/ai_inference/api_emotion_submit.py | ai/services/ai_inference/api_mymodel_create.py | ai/services/ai_inference/astor_account_status_enqueue.py | ai/services/ai_inference/astor_global_summary_enqueue.py | ai/services/ai_inference/astor_ranking_enqueue.py | ai/services/ai_inference/astor_snapshot_enqueue.py | ai/services/ai_inference/generated_reflection_display.py | ai/services/ai_inference/generated_reflection_identity.py | ai/services/ai_inference/mymodel_entitlements.py | ai/services/ai_inference/publish_governance.py
ai/services/ai_inference/api_mymodel_qna.py,GET,/mymodel/qna/echoes/history,nexus_piece,14,ai/services/ai_inference/api_emotion_submit.py | ai/services/ai_inference/api_mymodel_create.py | ai/services/ai_inference/astor_account_status_enqueue.py | ai/services/ai_inference/astor_global_summary_enqueue.py | ai/services/ai_inference/astor_ranking_enqueue.py | ai/services/ai_inference/astor_snapshot_enqueue.py | ai/services/ai_inference/generated_reflection_display.py | ai/services/ai_inference/generated_reflection_identity.py | ai/services/ai_inference/mymodel_entitlements.py | ai/services/ai_inference/publish_governance.py
ai/services/ai_inference/api_mymodel_qna.py,GET,/mymodel/qna/discoveries/reflections,nexus_piece,14,ai/services/ai_inference/api_emotion_submit.py | ai/services/ai_inference/api_mymodel_create.py | ai/services/ai_inference/astor_account_status_enqueue.py | ai/services/ai_inference/astor_global_summary_enqueue.py | ai/services/ai_inference/astor_ranking_enqueue.py | ai/services/ai_inference/astor_snapshot_enqueue.py | ai/services/ai_inference/generated_reflection_display.py | ai/services/ai_inference/generated_reflection_identity.py | ai/services/ai_inference/mymodel_entitlements.py | ai/services/ai_inference/publish_governance.py
ai/services/ai_inference/api_mymodel_qna.py,POST,/mymodel/qna/discoveries/submit,nexus_piece,14,ai/services/ai_inference/api_emotion_submit.py | ai/services/ai_inference/api_mymodel_create.py | ai/services/ai_inference/astor_account_status_enqueue.py | ai/services/ai_inference/astor_global_summary_enqueue.py | ai/services/ai_inference/astor_ranking_enqueue.py | ai/services/ai_inference/astor_snapshot_enqueue.py | ai/services/ai_inference/generated_reflection_display.py | ai/services/ai_inference/generated_reflection_identity.py | ai/services/ai_inference/mymodel_entitlements.py | ai/services/ai_inference/publish_governance.py
ai/services/ai_inference/api_mymodel_qna.py,POST,/mymodel/qna/discoveries/delete,nexus_piece,14,ai/services/ai_inference/api_emotion_submit.py | ai/services/ai_inference/api_mymodel_create.py | ai/services/ai_inference/astor_account_status_enqueue.py | ai/services/ai_inference/astor_global_summary_enqueue.py | ai/services/ai_inference/astor_ranking_enqueue.py | ai/services/ai_inference/astor_snapshot_enqueue.py | ai/services/ai_inference/generated_reflection_display.py | ai/services/ai_inference/generated_reflection_identity.py | ai/services/ai_inference/mymodel_entitlements.py | ai/services/ai_inference/publish_governance.py
ai/services/ai_inference/api_mymodel_qna.py,GET,/mymodel/qna/discoveries/history,nexus_piece,14,ai/services/ai_inference/api_emotion_submit.py | ai/services/ai_inference/api_mymodel_create.py | ai/services/ai_inference/astor_account_status_enqueue.py | ai/services/ai_inference/astor_global_summary_enqueue.py | ai/services/ai_inference/astor_ranking_enqueue.py | ai/services/ai_inference/astor_snapshot_enqueue.py | ai/services/ai_inference/generated_reflection_display.py | ai/services/ai_inference/generated_reflection_identity.py | ai/services/ai_inference/mymodel_entitlements.py | ai/services/ai_inference/publish_governance.py
ai/services/ai_inference/api_myprofile.py,POST,/myprofile/request,self_structure,7,ai/services/ai_inference/api_emotion_submit.py | ai/services/ai_inference/astor_myprofile_report.py | ai/services/ai_inference/generation_lock.py | ai/services/ai_inference/report_distribution_push_store.py | ai/services/ai_inference/subscription.py | ai/services/ai_inference/subscription_store.py | ai/services/ai_inference/supabase_client.py
ai/services/ai_inference/api_myprofile.py,POST,/myprofile/requests/{request_id}/accept,self_structure,7,ai/services/ai_inference/api_emotion_submit.py | ai/services/ai_inference/astor_myprofile_report.py | ai/services/ai_inference/generation_lock.py | ai/services/ai_inference/report_distribution_push_store.py | ai/services/ai_inference/subscription.py | ai/services/ai_inference/subscription_store.py | ai/services/ai_inference/supabase_client.py
ai/services/ai_inference/api_myprofile.py,POST,/myprofile/requests/{request_id}/reject,self_structure,7,ai/services/ai_inference/api_emotion_submit.py | ai/services/ai_inference/astor_myprofile_report.py | ai/services/ai_inference/generation_lock.py | ai/services/ai_inference/report_distribution_push_store.py | ai/services/ai_inference/subscription.py | ai/services/ai_inference/subscription_store.py | ai/services/ai_inference/supabase_client.py
ai/services/ai_inference/api_myprofile.py,POST,/myprofile/requests/{request_id}/cancel,self_structure,7,ai/services/ai_inference/api_emotion_submit.py | ai/services/ai_inference/astor_myprofile_report.py | ai/services/ai_inference/generation_lock.py | ai/services/ai_inference/report_distribution_push_store.py | ai/services/ai_inference/subscription.py | ai/services/ai_inference/subscription_store.py | ai/services/ai_inference/supabase_client.py
ai/services/ai_inference/api_myprofile.py,POST,/myprofile/follow,self_structure,7,ai/services/ai_inference/api_emotion_submit.py | ai/services/ai_inference/astor_myprofile_report.py | ai/services/ai_inference/generation_lock.py | ai/services/ai_inference/report_distribution_push_store.py | ai/services/ai_inference/subscription.py | ai/services/ai_inference/subscription_store.py | ai/services/ai_inference/supabase_client.py
ai/services/ai_inference/api_myprofile.py,POST,/myprofile/unfollow,self_structure,7,ai/services/ai_inference/api_emotion_submit.py | ai/services/ai_inference/astor_myprofile_report.py | ai/services/ai_inference/generation_lock.py | ai/services/ai_inference/report_distribution_push_store.py | ai/services/ai_inference/subscription.py | ai/services/ai_inference/subscription_store.py | ai/services/ai_inference/supabase_client.py
ai/services/ai_inference/api_myprofile.py,POST,/myprofile/remove-follower,self_structure,7,ai/services/ai_inference/api_emotion_submit.py | ai/services/ai_inference/astor_myprofile_report.py | ai/services/ai_inference/generation_lock.py | ai/services/ai_inference/report_distribution_push_store.py | ai/services/ai_inference/subscription.py | ai/services/ai_inference/subscription_store.py | ai/services/ai_inference/supabase_client.py
ai/services/ai_inference/api_myprofile.py,GET,/myprofile/follow-stats,self_structure,7,ai/services/ai_inference/api_emotion_submit.py | ai/services/ai_inference/astor_myprofile_report.py | ai/services/ai_inference/generation_lock.py | ai/services/ai_inference/report_distribution_push_store.py | ai/services/ai_inference/subscription.py | ai/services/ai_inference/subscription_store.py | ai/services/ai_inference/supabase_client.py
ai/services/ai_inference/api_myprofile.py,POST,/myprofile/follow-request/cancel,self_structure,7,ai/services/ai_inference/api_emotion_submit.py | ai/services/ai_inference/astor_myprofile_report.py | ai/services/ai_inference/generation_lock.py | ai/services/ai_inference/report_distribution_push_store.py | ai/services/ai_inference/subscription.py | ai/services/ai_inference/subscription_store.py | ai/services/ai_inference/supabase_client.py
ai/services/ai_inference/api_myprofile.py,GET,/myprofile/follow-requests/incoming,self_structure,7,ai/services/ai_inference/api_emotion_submit.py | ai/services/ai_inference/astor_myprofile_report.py | ai/services/ai_inference/generation_lock.py | ai/services/ai_inference/report_distribution_push_store.py | ai/services/ai_inference/subscription.py | ai/services/ai_inference/subscription_store.py | ai/services/ai_inference/supabase_client.py
ai/services/ai_inference/api_myprofile.py,GET,/myprofile/follow-requests/outgoing,self_structure,7,ai/services/ai_inference/api_emotion_submit.py | ai/services/ai_inference/astor_myprofile_report.py | ai/services/ai_inference/generation_lock.py | ai/services/ai_inference/report_distribution_push_store.py | ai/services/ai_inference/subscription.py | ai/services/ai_inference/subscription_store.py | ai/services/ai_inference/supabase_client.py
ai/services/ai_inference/api_myprofile.py,POST,/myprofile/follow-requests/approve,self_structure,7,ai/services/ai_inference/api_emotion_submit.py | ai/services/ai_inference/astor_myprofile_report.py | ai/services/ai_inference/generation_lock.py | ai/services/ai_inference/report_distribution_push_store.py | ai/services/ai_inference/subscription.py | ai/services/ai_inference/subscription_store.py | ai/services/ai_inference/supabase_client.py
ai/services/ai_inference/api_myprofile.py,POST,/myprofile/follow-requests/reject,self_structure,7,ai/services/ai_inference/api_emotion_submit.py | ai/services/ai_inference/astor_myprofile_report.py | ai/services/ai_inference/generation_lock.py | ai/services/ai_inference/report_distribution_push_store.py | ai/services/ai_inference/subscription.py | ai/services/ai_inference/subscription_store.py | ai/services/ai_inference/supabase_client.py
ai/services/ai_inference/api_myprofile.py,GET,/myprofile/follow-list,self_structure,7,ai/services/ai_inference/api_emotion_submit.py | ai/services/ai_inference/astor_myprofile_report.py | ai/services/ai_inference/generation_lock.py | ai/services/ai_inference/report_distribution_push_store.py | ai/services/ai_inference/subscription.py | ai/services/ai_inference/subscription_store.py | ai/services/ai_inference/supabase_client.py
ai/services/ai_inference/api_myprofile.py,GET,/myprofile/latest/status,self_structure,7,ai/services/ai_inference/api_emotion_submit.py | ai/services/ai_inference/astor_myprofile_report.py | ai/services/ai_inference/generation_lock.py | ai/services/ai_inference/report_distribution_push_store.py | ai/services/ai_inference/subscription.py | ai/services/ai_inference/subscription_store.py | ai/services/ai_inference/supabase_client.py
ai/services/ai_inference/api_myprofile.py,GET,/myprofile/latest,self_structure,7,ai/services/ai_inference/api_emotion_submit.py | ai/services/ai_inference/astor_myprofile_report.py | ai/services/ai_inference/generation_lock.py | ai/services/ai_inference/report_distribution_push_store.py | ai/services/ai_inference/subscription.py | ai/services/ai_inference/subscription_store.py | ai/services/ai_inference/supabase_client.py
ai/services/ai_inference/api_myprofile.py,POST,/myprofile/monthly/ensure,self_structure,7,ai/services/ai_inference/api_emotion_submit.py | ai/services/ai_inference/astor_myprofile_report.py | ai/services/ai_inference/generation_lock.py | ai/services/ai_inference/report_distribution_push_store.py | ai/services/ai_inference/subscription.py | ai/services/ai_inference/subscription_store.py | ai/services/ai_inference/supabase_client.py
ai/services/ai_inference/api_myprofile_reports_read.py,GET,/myprofile/reports/history,self_structure,5,ai/services/ai_inference/api_account_visibility.py | ai/services/ai_inference/publish_governance.py | ai/services/ai_inference/subscription.py | ai/services/ai_inference/subscription_store.py | ai/services/ai_inference/supabase_client.py
ai/services/ai_inference/api_myprofile_reports_read.py,GET,/myprofile/reports/{report_id},self_structure,5,ai/services/ai_inference/api_account_visibility.py | ai/services/ai_inference/publish_governance.py | ai/services/ai_inference/subscription.py | ai/services/ai_inference/subscription_store.py | ai/services/ai_inference/supabase_client.py
ai/services/ai_inference/api_myweb_reads.py,GET,/myweb/home-summary,analysis_myweb,7,ai/services/ai_inference/api_account_visibility.py | ai/services/ai_inference/api_input_summary.py | ai/services/ai_inference/publish_governance.py | ai/services/ai_inference/response_microcache.py | ai/services/ai_inference/subscription.py | ai/services/ai_inference/subscription_store.py | ai/services/ai_inference/supabase_client.py
ai/services/ai_inference/api_myweb_reads.py,GET,/myweb/reports/{report_id}/weekly-days,analysis_myweb,7,ai/services/ai_inference/api_account_visibility.py | ai/services/ai_inference/api_input_summary.py | ai/services/ai_inference/publish_governance.py | ai/services/ai_inference/response_microcache.py | ai/services/ai_inference/subscription.py | ai/services/ai_inference/subscription_store.py | ai/services/ai_inference/supabase_client.py
ai/services/ai_inference/api_myweb_reports.py,POST,/myweb/reports/ensure,analysis_myweb,10,ai/services/ai_inference/api_emotion_submit.py | ai/services/ai_inference/astor_job_queue.py | ai/services/ai_inference/astor_material_snapshots.py | ai/services/ai_inference/astor_myweb_insight.py | ai/services/ai_inference/generation_lock.py | ai/services/ai_inference/publish_governance.py | ai/services/ai_inference/response_microcache.py | ai/services/ai_inference/subscription.py | ai/services/ai_inference/subscription_store.py | ai/services/ai_inference/supabase_client.py
ai/services/ai_inference/api_myweb_reports.py,GET,/myweb/reports/ready,analysis_myweb,10,ai/services/ai_inference/api_emotion_submit.py | ai/services/ai_inference/astor_job_queue.py | ai/services/ai_inference/astor_material_snapshots.py | ai/services/ai_inference/astor_myweb_insight.py | ai/services/ai_inference/generation_lock.py | ai/services/ai_inference/publish_governance.py | ai/services/ai_inference/response_microcache.py | ai/services/ai_inference/subscription.py | ai/services/ai_inference/subscription_store.py | ai/services/ai_inference/supabase_client.py
ai/services/ai_inference/api_myweb_reports.py,GET,/myweb/reports/{report_id},analysis_myweb,10,ai/services/ai_inference/api_emotion_submit.py | ai/services/ai_inference/astor_job_queue.py | ai/services/ai_inference/astor_material_snapshots.py | ai/services/ai_inference/astor_myweb_insight.py | ai/services/ai_inference/generation_lock.py | ai/services/ai_inference/publish_governance.py | ai/services/ai_inference/response_microcache.py | ai/services/ai_inference/subscription.py | ai/services/ai_inference/subscription_store.py | ai/services/ai_inference/supabase_client.py
ai/services/ai_inference/api_nexus.py,GET,/nexus/reflections,nexus_piece,3,ai/services/ai_inference/api_emotion_submit.py | ai/services/ai_inference/api_mymodel_qna.py | ai/services/ai_inference/generated_reflection_display.py
ai/services/ai_inference/api_nexus.py,GET,/nexus/emotion-ranking,nexus_piece,3,ai/services/ai_inference/api_emotion_submit.py | ai/services/ai_inference/api_mymodel_qna.py | ai/services/ai_inference/generated_reflection_display.py
ai/services/ai_inference/api_nexus.py,GET,/nexus/emotion-log,nexus_piece,3,ai/services/ai_inference/api_emotion_submit.py | ai/services/ai_inference/api_mymodel_qna.py | ai/services/ai_inference/generated_reflection_display.py
ai/services/ai_inference/api_nexus.py,GET,/nexus/recommend/users,nexus_piece,3,ai/services/ai_inference/api_emotion_submit.py | ai/services/ai_inference/api_mymodel_qna.py | ai/services/ai_inference/generated_reflection_display.py
ai/services/ai_inference/api_nexus.py,GET,/nexus/recommend/questions,nexus_piece,3,ai/services/ai_inference/api_emotion_submit.py | ai/services/ai_inference/api_mymodel_qna.py | ai/services/ai_inference/generated_reflection_display.py
ai/services/ai_inference/api_nexus.py,GET,/nexus/history/echoes,nexus_piece,3,ai/services/ai_inference/api_emotion_submit.py | ai/services/ai_inference/api_mymodel_qna.py | ai/services/ai_inference/generated_reflection_display.py
ai/services/ai_inference/api_nexus.py,GET,/nexus/history/discoveries,nexus_piece,3,ai/services/ai_inference/api_emotion_submit.py | ai/services/ai_inference/api_mymodel_qna.py | ai/services/ai_inference/generated_reflection_display.py
ai/services/ai_inference/api_nexus.py,GET,/nexus/bootstrap,nexus_piece,3,ai/services/ai_inference/api_emotion_submit.py | ai/services/ai_inference/api_mymodel_qna.py | ai/services/ai_inference/generated_reflection_display.py
ai/services/ai_inference/api_notice.py,GET,/notices/current,input_home,5,ai/services/ai_inference/active_users_store.py | ai/services/ai_inference/api_emotion_submit.py | ai/services/ai_inference/client_compat.py | ai/services/ai_inference/notice_store.py | ai/services/ai_inference/response_microcache.py
ai/services/ai_inference/api_notice.py,GET,/notices/history,input_home,5,ai/services/ai_inference/active_users_store.py | ai/services/ai_inference/api_emotion_submit.py | ai/services/ai_inference/client_compat.py | ai/services/ai_inference/notice_store.py | ai/services/ai_inference/response_microcache.py
ai/services/ai_inference/api_notice.py,POST,/notices/read,input_home,5,ai/services/ai_inference/active_users_store.py | ai/services/ai_inference/api_emotion_submit.py | ai/services/ai_inference/client_compat.py | ai/services/ai_inference/notice_store.py | ai/services/ai_inference/response_microcache.py
ai/services/ai_inference/api_notice.py,POST,/notices/popup-seen,input_home,5,ai/services/ai_inference/active_users_store.py | ai/services/ai_inference/api_emotion_submit.py | ai/services/ai_inference/client_compat.py | ai/services/ai_inference/notice_store.py | ai/services/ai_inference/response_microcache.py
ai/services/ai_inference/api_public_profile.py,GET,/public/profile/by-friend-code,,0,
ai/services/ai_inference/api_ranking.py,GET,/ranking/emotions,ranking,3,ai/services/ai_inference/api_emotion_submit.py | ai/services/ai_inference/astor_ranking_boards.py | ai/services/ai_inference/supabase_client.py
ai/services/ai_inference/api_ranking.py,GET,/ranking/emotions/self,ranking,3,ai/services/ai_inference/api_emotion_submit.py | ai/services/ai_inference/astor_ranking_boards.py | ai/services/ai_inference/supabase_client.py
ai/services/ai_inference/api_ranking.py,GET,/ranking/input_count,ranking,3,ai/services/ai_inference/api_emotion_submit.py | ai/services/ai_inference/astor_ranking_boards.py | ai/services/ai_inference/supabase_client.py
ai/services/ai_inference/api_ranking.py,GET,/ranking/input_length,ranking,3,ai/services/ai_inference/api_emotion_submit.py | ai/services/ai_inference/astor_ranking_boards.py | ai/services/ai_inference/supabase_client.py
ai/services/ai_inference/api_ranking.py,GET,/ranking/mymodel_questions,ranking,3,ai/services/ai_inference/api_emotion_submit.py | ai/services/ai_inference/astor_ranking_boards.py | ai/services/ai_inference/supabase_client.py
ai/services/ai_inference/api_ranking.py,GET,/ranking/mymodel_used,ranking,3,ai/services/ai_inference/api_emotion_submit.py | ai/services/ai_inference/astor_ranking_boards.py | ai/services/ai_inference/supabase_client.py
ai/services/ai_inference/api_ranking_login_streak.py,GET,/ranking/emotions,ranking,3,ai/services/ai_inference/api_emotion_submit.py | ai/services/ai_inference/api_ranking.py | ai/services/ai_inference/astor_ranking_boards.py
ai/services/ai_inference/api_ranking_login_streak.py,GET,/ranking/emotions/self,ranking,3,ai/services/ai_inference/api_emotion_submit.py | ai/services/ai_inference/api_ranking.py | ai/services/ai_inference/astor_ranking_boards.py
ai/services/ai_inference/api_ranking_login_streak.py,GET,/ranking/input_count,ranking,3,ai/services/ai_inference/api_emotion_submit.py | ai/services/ai_inference/api_ranking.py | ai/services/ai_inference/astor_ranking_boards.py
ai/services/ai_inference/api_ranking_login_streak.py,GET,/ranking/input_length,ranking,3,ai/services/ai_inference/api_emotion_submit.py | ai/services/ai_inference/api_ranking.py | ai/services/ai_inference/astor_ranking_boards.py
ai/services/ai_inference/api_ranking_login_streak.py,GET,/ranking/mymodel_used,ranking,3,ai/services/ai_inference/api_emotion_submit.py | ai/services/ai_inference/api_ranking.py | ai/services/ai_inference/astor_ranking_boards.py
ai/services/ai_inference/api_ranking_login_streak.py,GET,/ranking/login_streak,ranking,3,ai/services/ai_inference/api_emotion_submit.py | ai/services/ai_inference/api_ranking.py | ai/services/ai_inference/astor_ranking_boards.py
ai/services/ai_inference/api_ranking_login_streak.py,GET,/ranking/login_streak,ranking,3,ai/services/ai_inference/api_emotion_submit.py | ai/services/ai_inference/api_ranking.py | ai/services/ai_inference/astor_ranking_boards.py
ai/services/ai_inference/api_ranking_mymodel_discoveries.py,GET,/ranking/mymodel_discoveries,nexus_piece|ranking,2,ai/services/ai_inference/api_ranking.py | ai/services/ai_inference/astor_ranking_boards.py
ai/services/ai_inference/api_ranking_mymodel_resonances.py,GET,/ranking/mymodel_resonances,nexus_piece|ranking,2,ai/services/ai_inference/api_ranking.py | ai/services/ai_inference/astor_ranking_boards.py
ai/services/ai_inference/api_ranking_mymodel_views.py,GET,/ranking/mymodel_views,nexus_piece|ranking,2,ai/services/ai_inference/api_ranking.py | ai/services/ai_inference/astor_ranking_boards.py
ai/services/ai_inference/api_report_distribution_settings.py,GET,/report-distribution/settings,account_settings,3,ai/services/ai_inference/active_users_store.py | ai/services/ai_inference/api_emotion_submit.py | ai/services/ai_inference/report_distribution_settings_store.py
ai/services/ai_inference/api_report_distribution_settings.py,PATCH,/report-distribution/settings,account_settings,3,ai/services/ai_inference/active_users_store.py | ai/services/ai_inference/api_emotion_submit.py | ai/services/ai_inference/report_distribution_settings_store.py
ai/services/ai_inference/api_report_reads.py,GET,/report-reads/status,analysis_myweb,6,ai/services/ai_inference/api_account_visibility.py | ai/services/ai_inference/publish_governance.py | ai/services/ai_inference/response_microcache.py | ai/services/ai_inference/subscription.py | ai/services/ai_inference/subscription_store.py | ai/services/ai_inference/supabase_client.py
ai/services/ai_inference/api_report_reads.py,POST,/report-reads/mark,analysis_myweb,6,ai/services/ai_inference/api_account_visibility.py | ai/services/ai_inference/publish_governance.py | ai/services/ai_inference/response_microcache.py | ai/services/ai_inference/subscription.py | ai/services/ai_inference/subscription_store.py | ai/services/ai_inference/supabase_client.py
ai/services/ai_inference/api_report_reads.py,GET,/report-reads/myweb-unread-status,analysis_myweb,6,ai/services/ai_inference/api_account_visibility.py | ai/services/ai_inference/publish_governance.py | ai/services/ai_inference/response_microcache.py | ai/services/ai_inference/subscription.py | ai/services/ai_inference/subscription_store.py | ai/services/ai_inference/supabase_client.py
ai/services/ai_inference/api_subscription.py,GET,/subscription/bootstrap,account_settings,8,ai/services/ai_inference/active_users_store.py | ai/services/ai_inference/api_emotion_submit.py | ai/services/ai_inference/client_compat.py | ai/services/ai_inference/subscription.py | ai/services/ai_inference/subscription_bootstrap_store.py | ai/services/ai_inference/subscription_projection.py | ai/services/ai_inference/subscription_verifier_android.py | ai/services/ai_inference/subscription_verifier_ios.py
ai/services/ai_inference/api_subscription.py,GET,/subscription/me,account_settings,8,ai/services/ai_inference/active_users_store.py | ai/services/ai_inference/api_emotion_submit.py | ai/services/ai_inference/client_compat.py | ai/services/ai_inference/subscription.py | ai/services/ai_inference/subscription_bootstrap_store.py | ai/services/ai_inference/subscription_projection.py | ai/services/ai_inference/subscription_verifier_android.py | ai/services/ai_inference/subscription_verifier_ios.py
ai/services/ai_inference/api_subscription.py,POST,/subscription/update,account_settings,8,ai/services/ai_inference/active_users_store.py | ai/services/ai_inference/api_emotion_submit.py | ai/services/ai_inference/client_compat.py | ai/services/ai_inference/subscription.py | ai/services/ai_inference/subscription_bootstrap_store.py | ai/services/ai_inference/subscription_projection.py | ai/services/ai_inference/subscription_verifier_android.py | ai/services/ai_inference/subscription_verifier_ios.py
ai/services/ai_inference/api_today_question.py,GET,/today-question/current,input_home,8,ai/services/ai_inference/active_users_store.py | ai/services/ai_inference/api_emotion_submit.py | ai/services/ai_inference/astor_snapshot_enqueue.py | ai/services/ai_inference/publish_governance.py | ai/services/ai_inference/response_microcache.py | ai/services/ai_inference/subscription.py | ai/services/ai_inference/subscription_store.py | ai/services/ai_inference/today_question_store.py
ai/services/ai_inference/api_today_question.py,GET,/today-question/status,input_home,8,ai/services/ai_inference/active_users_store.py | ai/services/ai_inference/api_emotion_submit.py | ai/services/ai_inference/astor_snapshot_enqueue.py | ai/services/ai_inference/publish_governance.py | ai/services/ai_inference/response_microcache.py | ai/services/ai_inference/subscription.py | ai/services/ai_inference/subscription_store.py | ai/services/ai_inference/today_question_store.py
ai/services/ai_inference/api_today_question.py,POST,/today-question/answers,input_home,8,ai/services/ai_inference/active_users_store.py | ai/services/ai_inference/api_emotion_submit.py | ai/services/ai_inference/astor_snapshot_enqueue.py | ai/services/ai_inference/publish_governance.py | ai/services/ai_inference/response_microcache.py | ai/services/ai_inference/subscription.py | ai/services/ai_inference/subscription_store.py | ai/services/ai_inference/today_question_store.py
ai/services/ai_inference/api_today_question.py,GET,/today-question/history,input_home,8,ai/services/ai_inference/active_users_store.py | ai/services/ai_inference/api_emotion_submit.py | ai/services/ai_inference/astor_snapshot_enqueue.py | ai/services/ai_inference/publish_governance.py | ai/services/ai_inference/response_microcache.py | ai/services/ai_inference/subscription.py | ai/services/ai_inference/subscription_store.py | ai/services/ai_inference/today_question_store.py
ai/services/ai_inference/api_today_question.py,PATCH,/today-question/history/{answer_id},input_home,8,ai/services/ai_inference/active_users_store.py | ai/services/ai_inference/api_emotion_submit.py | ai/services/ai_inference/astor_snapshot_enqueue.py | ai/services/ai_inference/publish_governance.py | ai/services/ai_inference/response_microcache.py | ai/services/ai_inference/subscription.py | ai/services/ai_inference/subscription_store.py | ai/services/ai_inference/today_question_store.py
ai/services/ai_inference/api_today_question.py,GET,/today-question/settings,input_home,8,ai/services/ai_inference/active_users_store.py | ai/services/ai_inference/api_emotion_submit.py | ai/services/ai_inference/astor_snapshot_enqueue.py | ai/services/ai_inference/publish_governance.py | ai/services/ai_inference/response_microcache.py | ai/services/ai_inference/subscription.py | ai/services/ai_inference/subscription_store.py | ai/services/ai_inference/today_question_store.py
ai/services/ai_inference/api_today_question.py,PATCH,/today-question/settings,input_home,8,ai/services/ai_inference/active_users_store.py | ai/services/ai_inference/api_emotion_submit.py | ai/services/ai_inference/astor_snapshot_enqueue.py | ai/services/ai_inference/publish_governance.py | ai/services/ai_inference/response_microcache.py | ai/services/ai_inference/subscription.py | ai/services/ai_inference/subscription_store.py | ai/services/ai_inference/today_question_store.py
ai/services/ai_inference/api_today_question.py,POST,/cron/today-question/push,input_home,8,ai/services/ai_inference/active_users_store.py | ai/services/ai_inference/api_emotion_submit.py | ai/services/ai_inference/astor_snapshot_enqueue.py | ai/services/ai_inference/publish_governance.py | ai/services/ai_inference/response_microcache.py | ai/services/ai_inference/subscription.py | ai/services/ai_inference/subscription_store.py | ai/services/ai_inference/today_question_store.py
