repo,path,kind,category,systems,lines,local_import_count,local_imports,routes
mashos-api,ai/.env,support,support_config,,3,0,,
mashos-api,ai/configs/app_ids.yaml,support,config,,3,0,,
mashos-api,ai/configs/model_train.yaml,support,config,,17,0,,
mashos-api,ai/configs/runtime.yaml,support,config,,10,0,,
mashos-api,ai/data/config/astor_structure_dict.json,support,data,national_system,243,0,,
mashos-api,ai/data/config/deep_insight_questions.json,support,data,,199,0,,
mashos-api,ai/data/processed/features.json,support,data,,18,0,,
mashos-api,ai/data/processed/structure_dictionary.json,support,data,,851,0,,
mashos-api,ai/data/processed/summary.txt,support,data,,3,0,,
mashos-api,ai/data/raw/import_template.csv,support,data,,4,0,,
mashos-api,ai/data/raw/logs.jsonl,support,data,,5,0,,
mashos-api,ai/data/raw/README_ingest.txt,support,data,,35,0,,
mashos-api,ai/data/raw/schema.json,support,data,,20,0,,
mashos-api,ai/data/raw/template.csv,support,data,,4,0,,
mashos-api,ai/data/raw/template.json,support,data,,4,0,,
mashos-api,ai/data/train/{{AI_NAME}}_interpret_train.jsonl,support,data,,10,0,,
mashos-api,ai/docs/api_contract.txt,support,repo_doc,api_contract,3,0,,
mashos-api,ai/docs/API_CONTRACT_POLICY.md,support,repo_doc,api_contract,45,0,,
mashos-api,ai/docs/data_ingest_guide.txt,support,repo_doc,,35,0,,
mashos-api,ai/docs/emlis_ai_greeting_state.sql,support,repo_doc,emlis_ai_response,72,0,,
mashos-api,ai/docs/iap_subscription_update.md,support,repo_doc,account_settings,120,0,,
mashos-api,ai/docs/NATIONAL_ALIGNMENT_AUDIT_PHASE5.md,support,repo_doc,,38,0,,
mashos-api,ai/docs/PUBLIC_API_REGISTRY.md,support,repo_doc,api_contract,106,0,,
mashos-api,ai/docs/TUTORIAL_STABILITY_REDESIGN.md,support,repo_doc,,131,0,,
mashos-api,ai/docs/{{AI_NAME}}_spec.txt,support,repo_doc,,6,0,,
mashos-api,ai/ingestion/mapping_sample.yaml,other,other,,17,0,,
mashos-api,ai/ingestion/user_logs_sample.csv,other,other,,6,0,,
mashos-api,ai/Makefile,support,support_config,,9,0,,
mashos-api,ai/POST_MIGRATION_CHECKLIST.md,support,support_config,,9,0,,
mashos-api,ai/README_MIGRATION_QUICKSTART.md,support,support_config,,42,0,,
mashos-api,ai/services/ai_inference/.env.subscription.backend.example,service,service_store_governance,account_settings,65,0,,
mashos-api,ai/services/ai_inference/__pycache__/active_users_store.cpython-313.pyc,support,compiled,,,0,,
mashos-api,ai/services/ai_inference/__pycache__/api_emotion_submit.cpython-313.pyc,support,compiled,,,0,,
mashos-api,ai/services/ai_inference/__pycache__/astor_account_status_enqueue.cpython-313.pyc,support,compiled,account_settings|national_system,,0,,
mashos-api,ai/services/ai_inference/__pycache__/astor_core.cpython-313.pyc,support,compiled,national_system,,0,,
mashos-api,ai/services/ai_inference/__pycache__/astor_deep_insight.cpython-313.pyc,support,compiled,national_system,,0,,
mashos-api,ai/services/ai_inference/__pycache__/astor_deep_insight_question_store.cpython-313.pyc,support,compiled,national_system,,0,,
mashos-api,ai/services/ai_inference/__pycache__/astor_deep_insight_store.cpython-313.pyc,support,compiled,national_system,,0,,
mashos-api,ai/services/ai_inference/__pycache__/astor_friend_feed_enqueue.cpython-313.pyc,support,compiled,emotionlog_social|national_system,,0,,
mashos-api,ai/services/ai_inference/__pycache__/astor_global_summary_enqueue.cpython-313.pyc,support,compiled,national_system,,0,,
mashos-api,ai/services/ai_inference/__pycache__/astor_global_summary_store.cpython-313.pyc,support,compiled,national_system,,0,,
mashos-api,ai/services/ai_inference/__pycache__/astor_myweb_insight.cpython-313.pyc,support,compiled,analysis_myweb|national_system,,0,,
mashos-api,ai/services/ai_inference/__pycache__/astor_patterns.cpython-313.pyc,support,compiled,national_system,,0,,
mashos-api,ai/services/ai_inference/__pycache__/astor_ranking_enqueue.cpython-313.pyc,support,compiled,national_system|ranking,,0,,
mashos-api,ai/services/ai_inference/__pycache__/astor_structure_matcher.cpython-313.pyc,support,compiled,national_system,,0,,
mashos-api,ai/services/ai_inference/__pycache__/client_compat.cpython-313.pyc,support,compiled,,,0,,
mashos-api,ai/services/ai_inference/__pycache__/deep_insight_strategy.cpython-313.pyc,support,compiled,,,0,,
mashos-api,ai/services/ai_inference/__pycache__/subscription.cpython-313.pyc,support,compiled,account_settings,,0,,
mashos-api,ai/services/ai_inference/__pycache__/subscription_store.cpython-313.pyc,support,compiled,account_settings,,0,,
mashos-api,ai/services/ai_inference/__pycache__/supabase_client.cpython-313.pyc,support,compiled,,,0,,
mashos-api,ai/services/ai_inference/_samples/lora_load_example.py,service,service_store_governance,,34,0,,
mashos-api,ai/services/ai_inference/account_delete_service.py,service,service_store_governance,account_settings,675,7,ai/services/ai_inference/supabase_client.py | ai/services/ai_inference/response_microcache.py | ai/services/ai_inference/startup_snapshot_store.py | ai/services/ai_inference/today_question_store.py | ai/services/ai_inference/astor_friend_feed_enqueue.py | ai/services/ai_inference/astor_ranking_enqueue.py | ai/services/ai_inference/astor_global_summary_enqueue.py,
mashos-api,ai/services/ai_inference/active_users_store.py,service,service_store_governance,,239,3,ai/services/ai_inference/supabase_client.py | ai/services/ai_inference/subscription_store.py | ai/services/ai_inference/subscription.py,
mashos-api,ai/services/ai_inference/analysis_engine_adapter.py,service,service_store_governance,,509,1,ai/services/analysis_engine/models.py,
mashos-api,ai/services/ai_inference/api_account_lifecycle.py,api,route,account_settings,328,3,ai/services/ai_inference/api_account_visibility.py | ai/services/ai_inference/account_delete_service.py | ai/services/ai_inference/supabase_client.py,/account/display-name/availability | /account/profile/me | /account/profile/me | /account/delete
mashos-api,ai/services/ai_inference/api_account_status.py,api,route,account_settings,329,3,ai/services/ai_inference/api_emotion_submit.py | ai/services/ai_inference/astor_account_status_store.py | ai/services/ai_inference/supabase_client.py,/account/status
mashos-api,ai/services/ai_inference/api_account_visibility.py,api,route,account_settings,369,2,ai/services/ai_inference/api_emotion_submit.py | ai/services/ai_inference/astor_ranking_enqueue.py,/account/visibility/me | /account/visibility/me | /account/profile
mashos-api,ai/services/ai_inference/api_activity_login.py,api,route,,166,3,ai/services/ai_inference/api_emotion_submit.py | ai/services/ai_inference/astor_ranking_enqueue.py | ai/services/ai_inference/astor_account_status_enqueue.py,/activity/login
mashos-api,ai/services/ai_inference/api_app_bootstrap.py,api,route,startup_bootstrap,157,3,ai/services/ai_inference/api_emotion_submit.py | ai/services/ai_inference/client_compat.py | ai/services/ai_inference/startup_snapshot_store.py,/app/bootstrap | /app/startup
mashos-api,ai/services/ai_inference/api_contract_registry.py,api,route,api_contract,158,0,,
mashos-api,ai/services/ai_inference/api_cron_distribution.py,api,route,,2621,11,ai/services/ai_inference/api_emotion_submit.py | ai/services/ai_inference/observability.py | ai/services/ai_inference/cron_run_store.py | ai/services/ai_inference/generation_lock.py | ai/services/ai_inference/api_myweb_reports.py | ai/services/ai_inference/publish_governance.py | ai/services/ai_inference/astor_myprofile_report.py | ai/services/ai_inference/subscription_store.py | ai/services/ai_inference/subscription.py | ai/services/ai_inference/report_distribution_push_store.py | ai/services/ai_inference/report_distribution_settings_store.py,/cron/myweb/daily | /cron/myweb/weekly | /cron/myweb/monthly | /cron/myprofile/monthly | /cron/report-distribution/push
mashos-api,ai/services/ai_inference/api_deep_insight.py,api,route,,505,13,ai/services/ai_inference/api_emotion_submit.py | ai/services/ai_inference/active_users_store.py | ai/services/ai_inference/astor_core.py | ai/services/ai_inference/astor_deep_insight.py | ai/services/ai_inference/astor_deep_insight_question_store.py | ai/services/ai_inference/astor_deep_insight_store.py | ai/services/ai_inference/astor_snapshot_enqueue.py | ai/services/ai_inference/astor_ranking_enqueue.py | ai/services/ai_inference/astor_account_status_enqueue.py | ai/services/ai_inference/subscription.py | ai/services/ai_inference/subscription_store.py | ai/services/ai_inference/ui_text_templates.py | ai/services/ai_inference/deep_insight_strategy.py,/deep_insight/questions | /deep_insight/answers
mashos-api,ai/services/ai_inference/api_emotion_history_manage.py,api,route,,72,3,ai/services/ai_inference/api_account_visibility.py | ai/services/ai_inference/astor_global_summary_enqueue.py | ai/services/ai_inference/supabase_client.py,/emotion/history/{emotion_id}
mashos-api,ai/services/ai_inference/api_emotion_history_search.py,api,route,,519,4,ai/services/ai_inference/api_emotion_submit.py | ai/services/ai_inference/publish_governance.py | ai/services/ai_inference/subscription.py | ai/services/ai_inference/subscription_store.py,/emotion/history/search | /emotion/history/search
mashos-api,ai/services/ai_inference/api_emotion_reflection.py,api,route,input_home|nexus_piece|emlis_ai_response,267,7,ai/services/ai_inference/api_emotion_submit.py | ai/services/ai_inference/client_compat.py | ai/services/ai_inference/emotion_reflection_generation_service.py | ai/services/ai_inference/emotion_reflection_store.py | ai/services/ai_inference/emotion_submit_service.py | ai/services/ai_inference/reflection_publish_entitlements.py | ai/services/ai_inference/subscription.py,/emotion/reflection/quota | /emotion/reflection/preview | /emotion/reflection/publish | /emotion/reflection/cancel
mashos-api,ai/services/ai_inference/api_emotion_secret.py,api,route,input_home,207,2,ai/services/ai_inference/api_emotion_submit.py | ai/services/ai_inference/astor_job_queue.py,/emotion/secret
mashos-api,ai/services/ai_inference/api_emotion_submit.py,api,route,input_home|emlis_ai_response,1983,17,ai/services/ai_inference/astor_core.py | ai/services/ai_inference/astor_ranking_enqueue.py | ai/services/ai_inference/astor_account_status_enqueue.py | ai/services/ai_inference/astor_friend_feed_enqueue.py | ai/services/ai_inference/astor_global_summary_enqueue.py | ai/services/ai_inference/astor_snapshot_enqueue.py | ai/services/ai_inference/client_compat.py | ai/services/ai_inference/supabase_client.py | ai/services/ai_inference/supabase_auth_token_cache.py | ai/services/ai_inference/response_microcache.py | ai/services/ai_inference/input_feedback_text_templates.py | ai/services/ai_inference/subscription_store.py | ai/services/ai_inference/subscription.py | ai/services/ai_inference/generation_lock.py | ai/services/ai_inference/astor_myprofile_report.py | ai/services/ai_inference/astor_job_queue.py | ai/services/ai_inference/emotion_submit_service.py,/emotion/submit
mashos-api,ai/services/ai_inference/api_friends.py,api,route,emotionlog_social,1551,4,ai/services/ai_inference/api_emotion_submit.py | ai/services/ai_inference/astor_friend_feed_store.py | ai/services/ai_inference/response_microcache.py | ai/services/ai_inference/supabase_client.py,/friends/request | /friends/requests/{request_id}/accept | /friends/requests/{request_id}/reject | /friends/requests/{request_id}/cancel | /friends/remove | /emotion-log/feed | /friends/feed | /friends/manage | /emotion-log/unread-status | /friends/unread-status | /emotion-log/unread/read-feed | /friends/unread/read-feed | /emotion-log/unread/read-requests | /friends/unread/read-requests | /emotion-notifications/settings | /friends/notification-settings | /emotion-notifications/settings/{friend_user_id} | /friends/notification-settings/{friend_user_id}
mashos-api,ai/services/ai_inference/api_global_summary.py,api,route,input_home,525,4,ai/services/ai_inference/astor_global_summary_kernel.py | ai/services/ai_inference/astor_global_summary_store.py | ai/services/ai_inference/response_microcache.py | ai/services/ai_inference/astor_global_summary_enqueue.py,/global_summary
mashos-api,ai/services/ai_inference/api_input_summary.py,api,route,input_home,359,3,ai/services/ai_inference/api_emotion_submit.py | ai/services/ai_inference/supabase_client.py | ai/services/ai_inference/response_microcache.py,/input/summary
mashos-api,ai/services/ai_inference/api_mymodel_create.py,api,route,nexus_piece,812,9,ai/services/ai_inference/api_emotion_submit.py | ai/services/ai_inference/supabase_client.py | ai/services/ai_inference/active_users_store.py | ai/services/ai_inference/subscription.py | ai/services/ai_inference/subscription_store.py | ai/services/ai_inference/astor_snapshot_enqueue.py | ai/services/ai_inference/astor_account_status_enqueue.py | ai/services/ai_inference/mymodel_entitlements.py | ai/services/ai_inference/reflection_text_formatter.py,/mymodel/create/questions | /account/profile-create | /mymodel/create/answers
mashos-api,ai/services/ai_inference/api_mymodel_qna.py,api,route,nexus_piece,5475,14,ai/services/ai_inference/api_emotion_submit.py | ai/services/ai_inference/api_mymodel_create.py | ai/services/ai_inference/generated_reflection_display.py | ai/services/ai_inference/generated_reflection_identity.py | ai/services/ai_inference/reflection_text_formatter.py | ai/services/ai_inference/subscription.py | ai/services/ai_inference/subscription_store.py | ai/services/ai_inference/publish_governance.py | ai/services/ai_inference/mymodel_entitlements.py | ai/services/ai_inference/astor_snapshot_enqueue.py | ai/services/ai_inference/astor_ranking_enqueue.py | ai/services/ai_inference/astor_account_status_enqueue.py | ai/services/ai_inference/astor_global_summary_enqueue.py | ai/services/ai_inference/supabase_client.py,/mymodel/qna/list | /mymodel/qna/unread | /mymodel/qna/trending | /mymodel/qna/holders | /mymodel/recommend/users | /mymodel/qna/detail | /mymodel/qna/view | /mymodel/qna/resonance | /mymodel/qna/echoes/reflections | /mymodel/qna/echoes/submit | /mymodel/qna/echoes/delete | /mymodel/qna/echoes/history | /mymodel/qna/discoveries/reflections | /mymodel/qna/discoveries/submit | /mymodel/qna/discoveries/delete | /mymodel/qna/discoveries/history | /mymodel/qna/unread-status
mashos-api,ai/services/ai_inference/api_myprofile.py,api,route,self_structure,2545,7,ai/services/ai_inference/api_emotion_submit.py | ai/services/ai_inference/astor_myprofile_report.py | ai/services/ai_inference/supabase_client.py | ai/services/ai_inference/generation_lock.py | ai/services/ai_inference/report_distribution_push_store.py | ai/services/ai_inference/subscription.py | ai/services/ai_inference/subscription_store.py,/myprofile/request | /myprofile/requests/{request_id}/accept | /myprofile/requests/{request_id}/reject | /myprofile/requests/{request_id}/cancel | /myprofile/follow | /myprofile/unfollow | /myprofile/remove-follower | /myprofile/follow-stats | /myprofile/follow-request/cancel | /myprofile/follow-requests/incoming | /myprofile/follow-requests/outgoing | /myprofile/follow-requests/approve | /myprofile/follow-requests/reject | /myprofile/follow-list | /myprofile/latest/status | /myprofile/latest | /myprofile/monthly/ensure
mashos-api,ai/services/ai_inference/api_myprofile_reports_read.py,api,route,self_structure,278,5,ai/services/ai_inference/api_account_visibility.py | ai/services/ai_inference/publish_governance.py | ai/services/ai_inference/supabase_client.py | ai/services/ai_inference/subscription.py | ai/services/ai_inference/subscription_store.py,/myprofile/reports/history | /myprofile/reports/{report_id}
mashos-api,ai/services/ai_inference/api_myweb_reads.py,api,route,analysis_myweb,490,7,ai/services/ai_inference/api_account_visibility.py | ai/services/ai_inference/publish_governance.py | ai/services/ai_inference/response_microcache.py | ai/services/ai_inference/supabase_client.py | ai/services/ai_inference/subscription.py | ai/services/ai_inference/subscription_store.py | ai/services/ai_inference/api_input_summary.py,/myweb/home-summary | /myweb/reports/{report_id}/weekly-days
mashos-api,ai/services/ai_inference/api_myweb_reports.py,api,route,analysis_myweb,5392,10,ai/services/ai_inference/publish_governance.py | ai/services/ai_inference/response_microcache.py | ai/services/ai_inference/supabase_client.py | ai/services/ai_inference/api_emotion_submit.py | ai/services/ai_inference/generation_lock.py | ai/services/ai_inference/astor_myweb_insight.py | ai/services/ai_inference/subscription.py | ai/services/ai_inference/subscription_store.py | ai/services/ai_inference/astor_material_snapshots.py | ai/services/ai_inference/astor_job_queue.py,/myweb/reports/ensure | /myweb/reports/ready | /myweb/reports/{report_id}
mashos-api,ai/services/ai_inference/api_nexus.py,api,route,nexus_piece,506,3,ai/services/ai_inference/api_emotion_submit.py | ai/services/ai_inference/api_mymodel_qna.py | ai/services/ai_inference/generated_reflection_display.py,/nexus/reflections | /nexus/emotion-ranking | /nexus/emotion-log | /nexus/recommend/users | /nexus/history/echoes | /nexus/history/discoveries | /nexus/bootstrap
mashos-api,ai/services/ai_inference/api_notice.py,api,route,input_home,169,5,ai/services/ai_inference/active_users_store.py | ai/services/ai_inference/api_emotion_submit.py | ai/services/ai_inference/client_compat.py | ai/services/ai_inference/notice_store.py | ai/services/ai_inference/response_microcache.py,/notices/current | /notices/history | /notices/read | /notices/popup-seen
mashos-api,ai/services/ai_inference/api_public_profile.py,api,route,,136,0,,/public/profile/by-friend-code
mashos-api,ai/services/ai_inference/api_ranking.py,api,route,ranking,938,3,ai/services/ai_inference/api_emotion_submit.py | ai/services/ai_inference/supabase_client.py | ai/services/ai_inference/astor_ranking_boards.py,/ranking/emotions | /ranking/emotions/self | /ranking/input_count | /ranking/input_length | /ranking/mymodel_questions | /ranking/mymodel_used
mashos-api,ai/services/ai_inference/api_ranking_login_streak.py,api,route,ranking,472,3,ai/services/ai_inference/api_emotion_submit.py | ai/services/ai_inference/api_ranking.py | ai/services/ai_inference/astor_ranking_boards.py,/ranking/emotions | /ranking/emotions/self | /ranking/input_count | /ranking/input_length | /ranking/mymodel_used | /ranking/login_streak
mashos-api,ai/services/ai_inference/api_ranking_mymodel_discoveries.py,api,route,nexus_piece|ranking,173,2,ai/services/ai_inference/api_ranking.py | ai/services/ai_inference/astor_ranking_boards.py,/ranking/mymodel_discoveries
mashos-api,ai/services/ai_inference/api_ranking_mymodel_resonances.py,api,route,nexus_piece|ranking,176,2,ai/services/ai_inference/api_ranking.py | ai/services/ai_inference/astor_ranking_boards.py,/ranking/mymodel_resonances
mashos-api,ai/services/ai_inference/api_ranking_mymodel_views.py,api,route,nexus_piece|ranking,169,2,ai/services/ai_inference/api_ranking.py | ai/services/ai_inference/astor_ranking_boards.py,/ranking/mymodel_views
mashos-api,ai/services/ai_inference/api_report_distribution_settings.py,api,route,account_settings,66,3,ai/services/ai_inference/active_users_store.py | ai/services/ai_inference/api_emotion_submit.py | ai/services/ai_inference/report_distribution_settings_store.py,/report-distribution/settings | /report-distribution/settings
mashos-api,ai/services/ai_inference/api_report_reads.py,api,route,analysis_myweb,515,6,ai/services/ai_inference/api_account_visibility.py | ai/services/ai_inference/publish_governance.py | ai/services/ai_inference/supabase_client.py | ai/services/ai_inference/response_microcache.py | ai/services/ai_inference/subscription.py | ai/services/ai_inference/subscription_store.py,/report-reads/status | /report-reads/mark | /report-reads/myweb-unread-status
mashos-api,ai/services/ai_inference/api_subscription.py,api,route,account_settings|emlis_ai_response,557,8,ai/services/ai_inference/active_users_store.py | ai/services/ai_inference/api_emotion_submit.py | ai/services/ai_inference/client_compat.py | ai/services/ai_inference/subscription.py | ai/services/ai_inference/subscription_bootstrap_store.py | ai/services/ai_inference/subscription_projection.py | ai/services/ai_inference/subscription_verifier_android.py | ai/services/ai_inference/subscription_verifier_ios.py,/subscription/bootstrap | /subscription/me | /subscription/update
mashos-api,ai/services/ai_inference/api_today_question.py,api,route,input_home,485,8,ai/services/ai_inference/active_users_store.py | ai/services/ai_inference/api_emotion_submit.py | ai/services/ai_inference/astor_snapshot_enqueue.py | ai/services/ai_inference/subscription.py | ai/services/ai_inference/subscription_store.py | ai/services/ai_inference/today_question_store.py | ai/services/ai_inference/publish_governance.py | ai/services/ai_inference/response_microcache.py,/today-question/current | /today-question/status | /today-question/answers | /today-question/history | /today-question/history/{answer_id} | /today-question/settings | /today-question/settings | /cron/today-question/push
mashos-api,ai/services/ai_inference/app.py,service,service_store_governance,,1580,52,ai/services/ai_inference/middleware_active_user_touch.py | ai/services/ai_inference/middleware_api_contract.py | ai/services/ai_inference/middleware_request_perf.py | ai/services/ai_inference/structure_dict.py | ai/services/ai_inference/api_emotion_submit.py | ai/services/ai_inference/api_emotion_reflection.py | ai/services/ai_inference/api_emotion_secret.py | ai/services/ai_inference/api_emotion_history_search.py | ai/services/ai_inference/api_emotion_history_manage.py | ai/services/ai_inference/api_friends.py | ai/services/ai_inference/api_myprofile.py | ai/services/ai_inference/api_public_profile.py | ai/services/ai_inference/api_subscription.py | ai/services/ai_inference/subscription_webhooks.py | ai/services/ai_inference/subscription_runtime_config.py | ai/services/ai_inference/subscription_release_config.py | ai/services/ai_inference/subscription_live_console_check.py | ai/services/ai_inference/api_myweb_reports.py | ai/services/ai_inference/api_cron_distribution.py | ai/services/ai_inference/api_ranking.py | ai/services/ai_inference/api_ranking_mymodel_views.py | ai/services/ai_inference/api_ranking_mymodel_resonances.py | ai/services/ai_inference/api_ranking_mymodel_discoveries.py | ai/services/ai_inference/api_ranking_login_streak.py | ai/services/ai_inference/api_activity_login.py | ai/services/ai_inference/api_account_status.py | ai/services/ai_inference/api_account_visibility.py | ai/services/ai_inference/api_account_lifecycle.py | ai/services/ai_inference/api_app_bootstrap.py | ai/services/ai_inference/api_notice.py | ai/services/ai_inference/api_input_summary.py | ai/services/ai_inference/api_global_summary.py | ai/services/ai_inference/api_report_reads.py | ai/services/ai_inference/api_myweb_reads.py | ai/services/ai_inference/api_myprofile_reports_read.py | ai/services/ai_inference/api_mymodel_create.py | ai/services/ai_inference/api_mymodel_qna.py | ai/services/ai_inference/api_nexus.py | ai/services/ai_inference/api_today_question.py | ai/services/ai_inference/supabase_client.py | ai/services/ai_inference/api_report_distribution_settings.py | ai/services/ai_inference/prompt_templates.py | ai/services/ai_inference/astor_myprofile_persona.py | ai/services/ai_inference/astor_myweb_insight.py | ai/services/ai_inference/astor_myprofile_report.py | ai/services/ai_inference/astor_core.py | ai/services/ai_inference/astor_job_queue.py | ai/services/ai_inference/subscription.py | ai/services/ai_inference/mashlogic_qa_enhancer.py | ai/services/ai_inference/subscription_store.py | ai/services/ai_inference/request_metrics.py | ai/services/ai_inference/response_microcache.py,/myweb/insight | /myweb/insight/weekly | /myweb/insight/monthly | /myweb/insight/weekly | /myweb/insight/monthly | /healthz | /internal/rollover | /mymodel/templates | /mymodel/infer
mashos-api,ai/services/ai_inference/astor_account_status_enqueue.py,runtime,astor_worker_store,account_settings|national_system,222,1,ai/services/ai_inference/astor_job_queue.py,
mashos-api,ai/services/ai_inference/astor_account_status_kernel.py,runtime,astor_worker_store,account_settings|national_system,168,2,ai/services/ai_inference/supabase_client.py | ai/services/ai_inference/astor_account_status_store.py,
mashos-api,ai/services/ai_inference/astor_account_status_store.py,runtime,astor_worker_store,account_settings|national_system,538,1,ai/services/ai_inference/supabase_client.py,
mashos-api,ai/services/ai_inference/astor_core.py,runtime,astor_worker_store,national_system,392,4,ai/services/ai_inference/astor_structure_matcher.py | ai/services/ai_inference/astor_myweb_insight.py | ai/services/ai_inference/astor_deep_insight.py | ai/services/ai_inference/astor_patterns.py,
mashos-api,ai/services/ai_inference/astor_deep_insight.py,runtime,astor_worker_store,national_system,530,4,ai/services/ai_inference/astor_patterns.py | ai/services/ai_inference/astor_deep_insight_question_store.py | ai/services/ai_inference/astor_deep_insight_store.py | ai/services/ai_inference/deep_insight_strategy.py,
mashos-api,ai/services/ai_inference/astor_deep_insight_question_store.py,runtime,astor_worker_store,national_system,296,0,,
mashos-api,ai/services/ai_inference/astor_deep_insight_store.py,runtime,astor_worker_store,national_system,394,0,,
mashos-api,ai/services/ai_inference/astor_friend_feed_enqueue.py,runtime,astor_worker_store,emotionlog_social|national_system,293,1,ai/services/ai_inference/astor_job_queue.py,
mashos-api,ai/services/ai_inference/astor_friend_feed_kernel.py,runtime,astor_worker_store,emotionlog_social|national_system,241,2,ai/services/ai_inference/supabase_client.py | ai/services/ai_inference/astor_friend_feed_store.py,
mashos-api,ai/services/ai_inference/astor_friend_feed_store.py,runtime,astor_worker_store,emotionlog_social|national_system,634,1,ai/services/ai_inference/supabase_client.py,
mashos-api,ai/services/ai_inference/astor_global_summary_enqueue.py,runtime,astor_worker_store,national_system,290,2,ai/services/ai_inference/astor_global_summary_store.py | ai/services/ai_inference/astor_job_queue.py,
mashos-api,ai/services/ai_inference/astor_global_summary_kernel.py,runtime,astor_worker_store,national_system,269,2,ai/services/ai_inference/supabase_client.py | ai/services/ai_inference/astor_global_summary_store.py,
mashos-api,ai/services/ai_inference/astor_global_summary_store.py,runtime,astor_worker_store,national_system,639,1,ai/services/ai_inference/supabase_client.py,
mashos-api,ai/services/ai_inference/astor_job_queue.py,runtime,astor_worker_store,national_system,386,1,ai/services/ai_inference/supabase_client.py,
mashos-api,ai/services/ai_inference/astor_material_snapshots.py,runtime,astor_worker_store,national_system,2479,2,ai/services/ai_inference/reflection_text_formatter.py | ai/services/ai_inference/astor_job_queue.py,
mashos-api,ai/services/ai_inference/astor_myprofile_persona.py,runtime,astor_worker_store,national_system|self_structure,278,2,ai/services/ai_inference/astor_patterns.py | ai/services/ai_inference/astor_deep_insight_store.py,
mashos-api,ai/services/ai_inference/astor_myprofile_report.py,runtime,astor_worker_store,national_system|self_structure,3504,9,ai/services/ai_inference/myprofile_section_text_templates.py | ai/services/ai_inference/astor_patterns.py | ai/services/ai_inference/astor_deep_insight_store.py | ai/services/ai_inference/structure_dict.py | ai/services/ai_inference/subscription.py | ai/services/analysis_engine/self_structure_engine/rules.py | ai/services/ai_inference/supabase_client.py | ai/services/ai_inference/subscription_store.py | ai/services/ai_inference/generation_lock.py,
mashos-api,ai/services/ai_inference/astor_myweb_insight.py,runtime,astor_worker_store,analysis_myweb|national_system,1053,2,ai/services/ai_inference/astor_patterns.py | ai/services/ai_inference/structure_dict.py,
mashos-api,ai/services/ai_inference/astor_patterns.py,runtime,astor_worker_store,national_system,423,0,,
mashos-api,ai/services/ai_inference/astor_ranking_boards.py,runtime,astor_worker_store,national_system|ranking,521,1,ai/services/ai_inference/supabase_client.py,
mashos-api,ai/services/ai_inference/astor_ranking_enqueue.py,runtime,astor_worker_store,national_system|ranking,231,1,ai/services/ai_inference/astor_job_queue.py,
mashos-api,ai/services/ai_inference/astor_ranking_kernel.py,runtime,astor_worker_store,national_system|ranking,420,2,ai/services/ai_inference/supabase_client.py | ai/services/ai_inference/astor_ranking_boards.py,
mashos-api,ai/services/ai_inference/astor_reflection_engine.py,runtime,astor_worker_store,national_system|nexus_piece,1246,1,ai/services/ai_inference/generated_reflection_identity.py,
mashos-api,ai/services/ai_inference/astor_reflection_store.py,runtime,astor_worker_store,national_system|nexus_piece,1204,2,ai/services/ai_inference/generated_reflection_display.py | ai/services/ai_inference/generated_reflection_identity.py,
mashos-api,ai/services/ai_inference/astor_snapshot_enqueue.py,runtime,astor_worker_store,national_system,160,1,ai/services/ai_inference/astor_job_queue.py,
mashos-api,ai/services/ai_inference/astor_structure_matcher.py,runtime,astor_worker_store,national_system,182,0,,
mashos-api,ai/services/ai_inference/astor_worker.py,runtime,astor_worker_store,national_system,4541,30,ai/services/ai_inference/astor_job_queue.py | ai/services/ai_inference/supabase_client.py | ai/services/ai_inference/astor_myprofile_report.py | ai/services/ai_inference/astor_material_snapshots.py | ai/services/ai_inference/api_myweb_reports.py | ai/services/ai_inference/api_emotion_submit.py | ai/services/ai_inference/report_distribution_push_store.py | ai/services/ai_inference/generation_lock.py | ai/services/analysis_engine/emotion_structure_engine/weekly.py | ai/services/analysis_engine/emotion_structure_engine/monthly.py | ai/services/analysis_engine/emotion_structure_engine/daily.py | ai/services/analysis_engine/self_structure_engine/signal_extraction.py | ai/services/analysis_engine/self_structure_engine/fusion.py | ai/services/analysis_engine/self_structure_engine/builders.py | ai/services/analysis_engine/models.py | ai/services/ai_inference/analysis_engine_adapter.py | ai/services/ai_inference/generated_reflection_display.py | ai/services/ai_inference/astor_reflection_engine.py | ai/services/ai_inference/astor_reflection_store.py | ai/services/ai_inference/astor_ranking_boards.py | ai/services/ai_inference/astor_ranking_kernel.py | ai/services/ai_inference/astor_account_status_store.py | ai/services/ai_inference/astor_account_status_kernel.py | ai/services/ai_inference/astor_friend_feed_store.py | ai/services/ai_inference/astor_friend_feed_kernel.py | ai/services/ai_inference/astor_global_summary_store.py | ai/services/ai_inference/astor_global_summary_kernel.py | ai/services/ai_inference/astor_global_summary_enqueue.py | ai/services/ai_inference/request_metrics.py | ai/services/ai_inference/response_microcache.py,
mashos-api,ai/services/ai_inference/client_compat.py,service,service_store_governance,,60,0,,
mashos-api,ai/services/ai_inference/cron_run_store.py,service,service_store_governance,,284,2,ai/services/ai_inference/api_emotion_submit.py | ai/services/ai_inference/observability.py,
mashos-api,ai/services/ai_inference/deep_insight_strategy.py,service,service_store_governance,,155,0,,
mashos-api,ai/services/ai_inference/emlis_ai_capability.py,service,service_store_governance,emlis_ai_response|account_settings,86,2,ai/services/ai_inference/emlis_ai_types.py | ai/services/ai_inference/subscription.py,
mashos-api,ai/services/ai_inference/emlis_ai_context_service.py,service,service_store_governance,emlis_ai_response|input_home,167,7,ai/services/ai_inference/emlis_ai_greeting_state_store.py | ai/services/ai_inference/emlis_ai_types.py | ai/services/ai_inference/emotion_history_search_service.py | ai/services/ai_inference/supabase_client.py | ai/services/ai_inference/today_question_store.py | ai/services/ai_inference/api_input_summary.py | ai/services/ai_inference/api_myweb_reads.py,
mashos-api,ai/services/ai_inference/emlis_ai_greeting_state_store.py,service,service_store_governance,emlis_ai_response,177,2,ai/services/ai_inference/emlis_ai_types.py | ai/services/ai_inference/supabase_client.py,
mashos-api,ai/services/ai_inference/emlis_ai_prompt.py,service,service_store_governance,emlis_ai_response,44,0,,
mashos-api,ai/services/ai_inference/emlis_ai_reply_service.py,service,service_store_governance,emlis_ai_response|input_home,198,6,ai/services/ai_inference/emlis_ai_capability.py | ai/services/ai_inference/emlis_ai_context_service.py | ai/services/ai_inference/emlis_ai_style_profile_service.py | ai/services/ai_inference/emlis_ai_types.py | ai/services/ai_inference/emlis_ai_world_model_service.py | ai/services/ai_inference/input_feedback_text_templates.py,
mashos-api,ai/services/ai_inference/emlis_ai_style_profile_service.py,service,service_store_governance,emlis_ai_response,91,1,ai/services/ai_inference/emlis_ai_types.py,
mashos-api,ai/services/ai_inference/emlis_ai_types.py,service,service_store_governance,emlis_ai_response,130,0,,
mashos-api,ai/services/ai_inference/emlis_ai_world_model_service.py,service,service_store_governance,emlis_ai_response,217,1,ai/services/ai_inference/emlis_ai_types.py,
mashos-api,ai/services/ai_inference/emotion_history_search_service.py,service,service_store_governance,emlis_ai_response|input_home,181,1,ai/services/ai_inference/supabase_client.py,
mashos-api,ai/services/ai_inference/emotion_reflection_generation_service.py,service,service_store_governance,nexus_piece,256,2,ai/services/ai_inference/generated_reflection_display.py | ai/services/ai_inference/generated_reflection_identity.py,
mashos-api,ai/services/ai_inference/emotion_reflection_store.py,service,service_store_governance,nexus_piece,214,3,ai/services/ai_inference/astor_reflection_store.py | ai/services/ai_inference/generated_reflection_display.py | ai/services/ai_inference/reflection_publish_entitlements.py,
mashos-api,ai/services/ai_inference/emotion_submit_service.py,service,service_store_governance,input_home|emlis_ai_response,219,5,ai/services/ai_inference/api_emotion_submit.py | ai/services/ai_inference/emlis_ai_reply_service.py | ai/services/ai_inference/response_microcache.py | ai/services/ai_inference/subscription.py | ai/services/ai_inference/subscription_store.py,
mashos-api,ai/services/ai_inference/generated_reflection_display.py,service,service_store_governance,nexus_piece,1896,1,ai/services/ai_inference/reflection_text_formatter.py,
mashos-api,ai/services/ai_inference/generated_reflection_identity.py,service,service_store_governance,nexus_piece,46,0,,
mashos-api,ai/services/ai_inference/generated_reflection_maintenance.py,service,service_store_governance,nexus_piece,716,3,ai/services/ai_inference/astor_reflection_store.py | ai/services/ai_inference/generated_reflection_display.py | ai/services/ai_inference/generated_reflection_identity.py,
mashos-api,ai/services/ai_inference/generation_lock.py,service,service_store_governance,national_system,428,2,ai/services/ai_inference/supabase_client.py | ai/services/ai_inference/observability.py,
mashos-api,ai/services/ai_inference/guards/date_guard.py,engine,guard,,45,0,,
mashos-api,ai/services/ai_inference/input_feedback_text_templates.py,service,service_store_governance,,1332,0,,
mashos-api,ai/services/ai_inference/mashlogic_profile_enhancer.py,service,service_store_governance,,85,0,,
mashos-api,ai/services/ai_inference/mashlogic_qa_enhancer.py,service,service_store_governance,,131,0,,
mashos-api,ai/services/ai_inference/middleware_active_user_touch.py,service,service_store_governance,,587,4,ai/services/ai_inference/active_users_store.py | ai/services/ai_inference/client_compat.py | ai/services/ai_inference/supabase_auth_token_cache.py | ai/services/ai_inference/startup_snapshot_store.py,
mashos-api,ai/services/ai_inference/middleware_api_contract.py,service,service_store_governance,api_contract,33,1,ai/services/ai_inference/api_contract_registry.py,
mashos-api,ai/services/ai_inference/middleware_request_perf.py,service,service_store_governance,,62,2,ai/services/ai_inference/observability.py | ai/services/ai_inference/request_metrics.py,
mashos-api,ai/services/ai_inference/mymodel_entitlements.py,service,service_store_governance,nexus_piece,144,1,ai/services/ai_inference/subscription.py,
mashos-api,ai/services/ai_inference/myprofile_section_text_templates.py,service,service_store_governance,self_structure,220,0,,
mashos-api,ai/services/ai_inference/myweb_report_schema.json,service,service_store_governance,,405,0,,
mashos-api,ai/services/ai_inference/notice_store.py,service,service_store_governance,,802,4,ai/services/ai_inference/client_compat.py | ai/services/ai_inference/subscription_store.py | ai/services/ai_inference/supabase_client.py | ai/services/ai_inference/response_microcache.py,
mashos-api,ai/services/ai_inference/observability.py,service,service_store_governance,,269,0,,
mashos-api,ai/services/ai_inference/persona_engine.py,service,service_store_governance,,45,0,,
mashos-api,ai/services/ai_inference/prompt_templates.py,service,service_store_governance,,165,0,,
mashos-api,ai/services/ai_inference/prompts/interpret.en.txt,engine,prompt,,10,0,,
mashos-api,ai/services/ai_inference/prompts/interpret.ja.txt,engine,prompt,,9,0,,
mashos-api,ai/services/ai_inference/publish_governance.py,service,service_store_governance,national_system,331,0,,
mashos-api,ai/services/ai_inference/reflection_publish_entitlements.py,service,service_store_governance,nexus_piece,61,2,ai/services/ai_inference/subscription.py | ai/services/ai_inference/subscription_store.py,
mashos-api,ai/services/ai_inference/reflection_text_formatter.py,service,service_store_governance,nexus_piece,427,0,,
mashos-api,ai/services/ai_inference/report_distribution_push_store.py,service,service_store_governance,account_settings,188,1,ai/services/ai_inference/supabase_client.py,
mashos-api,ai/services/ai_inference/report_distribution_settings_store.py,service,service_store_governance,account_settings,241,1,ai/services/ai_inference/supabase_client.py,
mashos-api,ai/services/ai_inference/report_text_templates.py,service,service_store_governance,,336,0,,
mashos-api,ai/services/ai_inference/request_metrics.py,service,service_store_governance,,109,0,,
mashos-api,ai/services/ai_inference/requirements.txt,service,service_store_governance,,4,0,,
mashos-api,ai/services/ai_inference/response_microcache.py,service,service_store_governance,national_system,157,1,ai/services/ai_inference/request_metrics.py,
mashos-api,ai/services/ai_inference/startup_snapshot_store.py,service,service_store_governance,startup_bootstrap,382,7,ai/services/ai_inference/response_microcache.py | ai/services/ai_inference/api_friends.py | ai/services/ai_inference/api_global_summary.py | ai/services/ai_inference/api_input_summary.py | ai/services/ai_inference/api_notice.py | ai/services/ai_inference/api_report_reads.py | ai/services/ai_inference/api_today_question.py,
mashos-api,ai/services/ai_inference/structure_dict.py,service,service_store_governance,,148,0,,
mashos-api,ai/services/ai_inference/subscription.py,service,service_store_governance,account_settings,170,0,,
mashos-api,ai/services/ai_inference/subscription_bootstrap_store.py,service,service_store_governance,account_settings|startup_bootstrap|emlis_ai_response,860,2,ai/services/ai_inference/emlis_ai_capability.py | ai/services/ai_inference/supabase_client.py,
mashos-api,ai/services/ai_inference/subscription_config.py,service,service_store_governance,account_settings,409,0,,
mashos-api,ai/services/ai_inference/subscription_live_console_check.py,service,service_store_governance,account_settings,613,3,ai/services/ai_inference/subscription_config.py | ai/services/ai_inference/subscription_release_config.py | ai/services/ai_inference/subscription_verifier_android.py,/subscription/config/release-check/live
mashos-api,ai/services/ai_inference/subscription_projection.py,service,service_store_governance,account_settings,659,3,ai/services/ai_inference/subscription.py | ai/services/ai_inference/subscription_store.py | ai/services/ai_inference/supabase_client.py,
mashos-api,ai/services/ai_inference/subscription_release_config.py,service,service_store_governance,account_settings,394,3,ai/services/ai_inference/subscription_bootstrap_store.py | ai/services/ai_inference/subscription_verifier_ios.py | ai/services/ai_inference/subscription_verifier_android.py,/subscription/config/release-check | /subscription/config/release-check/compare-public
mashos-api,ai/services/ai_inference/subscription_runtime_config.py,service,service_store_governance,account_settings,54,1,ai/services/ai_inference/subscription_config.py,
mashos-api,ai/services/ai_inference/subscription_store.py,service,service_store_governance,account_settings,326,2,ai/services/ai_inference/subscription.py | ai/services/ai_inference/supabase_client.py,
mashos-api,ai/services/ai_inference/subscription_trial_store.py,service,service_store_governance,account_settings,191,1,ai/services/ai_inference/supabase_client.py,
mashos-api,ai/services/ai_inference/subscription_verifier_android.py,service,service_store_governance,account_settings,328,2,ai/services/ai_inference/subscription_bootstrap_store.py | ai/services/ai_inference/subscription_projection.py,
mashos-api,ai/services/ai_inference/subscription_verifier_ios.py,service,service_store_governance,account_settings,347,2,ai/services/ai_inference/subscription_bootstrap_store.py | ai/services/ai_inference/subscription_projection.py,
mashos-api,ai/services/ai_inference/subscription_webhooks.py,service,service_store_governance,account_settings,207,3,ai/services/ai_inference/subscription_projection.py | ai/services/ai_inference/subscription_verifier_android.py | ai/services/ai_inference/subscription_verifier_ios.py,/subscription/webhooks/google | /subscription/webhooks/apple
mashos-api,ai/services/ai_inference/supabase_auth_token_cache.py,service,service_store_governance,,194,1,ai/services/ai_inference/supabase_client.py,
mashos-api,ai/services/ai_inference/supabase_client.py,service,service_store_governance,,407,1,ai/services/ai_inference/request_metrics.py,
mashos-api,ai/services/ai_inference/templates/response_template.en.json,engine,template,,28,0,,
mashos-api,ai/services/ai_inference/templates/response_template.ja.json,engine,template,,28,0,,
mashos-api,ai/services/ai_inference/today_question_store.py,service,service_store_governance,,1456,2,ai/services/ai_inference/response_microcache.py | ai/services/ai_inference/supabase_client.py,
mashos-api,ai/services/ai_inference/ui_text_templates.py,service,service_store_governance,,131,0,,
mashos-api,ai/services/analysis_engine/__init__.py,other,other,,5,0,,
mashos-api,ai/services/analysis_engine/baseline.py,other,other,,52,0,,
mashos-api,ai/services/analysis_engine/emotion_structure_engine/daily.py,other,other,,114,0,,
mashos-api,ai/services/analysis_engine/emotion_structure_engine/monthly.py,other,other,,204,0,,
mashos-api,ai/services/analysis_engine/emotion_structure_engine/weekly.py,other,other,,522,0,,
mashos-api,ai/services/analysis_engine/models.py,other,other,,416,0,,
mashos-api,ai/services/analysis_engine/self_structure_engine/builders.py,other,other,self_structure,571,2,ai/services/analysis_engine/models.py | ai/services/analysis_engine/self_structure_engine/rules.py,
mashos-api,ai/services/analysis_engine/self_structure_engine/fusion.py,other,other,self_structure,801,2,ai/services/analysis_engine/models.py | ai/services/analysis_engine/self_structure_engine/rules.py,
mashos-api,ai/services/analysis_engine/self_structure_engine/rules.py,other,other,self_structure,1265,1,ai/services/analysis_engine/models.py,
mashos-api,ai/services/analysis_engine/self_structure_engine/signal_extraction.py,other,other,self_structure,473,2,ai/services/analysis_engine/models.py | ai/services/analysis_engine/self_structure_engine/rules.py,
mashos-api,ai/services/analysis_engine/templates/README.md,other,other,,6,0,,
mashos-api,ai/services/examples/demo.py,other,other,,27,0,,
mashos-api,ai/services/structure_engine/extract.py,other,other,,91,0,,
mashos-api,ai/services/structure_engine/templates/summary.txt,other,other,,3,0,,
mashos-api,ai/tests/contract/conftest.py,support,test,,29,0,,
mashos-api,ai/tests/contract/fixtures/account_display_name_availability_response_shape_v1.json,support,test,account_settings,4,0,,
mashos-api,ai/tests/contract/fixtures/account_profile_me_response_shape_v1.json,support,test,account_settings,9,0,,
mashos-api,ai/tests/contract/fixtures/app_bootstrap_request_client_meta_v1.json,support,test,startup_bootstrap,7,0,,
mashos-api,ai/tests/contract/fixtures/app_bootstrap_response_shape_v1.json,support,test,startup_bootstrap,14,0,,
mashos-api,ai/tests/contract/fixtures/global_summary_response_shape_v1.json,support,test,,9,0,,
mashos-api,ai/tests/contract/fixtures/legacy_emotion_submit_request_v1.json,support,test,,12,0,,
mashos-api,ai/tests/contract/fixtures/legacy_emotion_submit_response_shape_v1.json,support,test,,5,0,,
mashos-api,ai/tests/contract/fixtures/legacy_mymodel_create_answers_request_v1.json,support,test,nexus_piece,13,0,,
mashos-api,ai/tests/contract/fixtures/mymodel_create_answers_response_shape_v1.json,support,test,nexus_piece,35,0,,
mashos-api,ai/tests/contract/fixtures/mymodel_create_questions_response_shape_v1.json,support,test,nexus_piece,36,0,,
mashos-api,ai/tests/contract/fixtures/myprofile_latest_status_response_shape_v1.json,support,test,self_structure,8,0,,
mashos-api,ai/tests/contract/fixtures/myprofile_reports_history_response_shape_v1.json,support,test,self_structure,14,0,,
mashos-api,ai/tests/contract/fixtures/report_distribution_settings_response_shape_v1.json,support,test,account_settings,5,0,,
mashos-api,ai/tests/contract/fixtures/report_reads_myweb_unread_status_response_shape_v1.json,support,test,,17,0,,
mashos-api,ai/tests/contract/fixtures/subscription_bootstrap_response_shape_v1.json,support,test,account_settings|startup_bootstrap,96,0,,
mashos-api,ai/tests/contract/test_api_contract_headers.py,support,test,api_contract,229,1,ai/services/ai_inference/api_contract_registry.py,
mashos-api,ai/tests/contract/test_api_contract_registry.py,support,test,api_contract,154,1,ai/services/ai_inference/api_contract_registry.py,
mashos-api,ai/tests/contract/test_contract_snapshots_phase6e.py,support,test,,552,0,,
mashos-api,ai/tests/contract/test_emlis_ai_contracts.py,support,test,emlis_ai_response,141,0,,
mashos-api,ai/tests/contract/test_generated_reflection_display_contracts.py,support,test,nexus_piece,612,1,ai/services/ai_inference/generated_reflection_identity.py,
mashos-api,ai/tests/contract/test_generated_reflection_maintenance_contracts.py,support,test,nexus_piece,424,0,,
mashos-api,ai/tests/contract/test_mymodel_reflection_display_contracts.py,support,test,nexus_piece,259,0,,
mashos-api,ai/tests/contract/test_myprofile_latest_regression.py,support,test,self_structure,232,0,,
mashos-api,ai/tests/contract/test_notice_contracts.py,support,test,,301,1,ai/services/ai_inference/notice_store.py,
mashos-api,ai/tests/contract/test_publish_governance.py,support,test,national_system,385,0,,
mashos-api,ai/tests/contract/test_rn_surface_guards.py,support,test,,113,0,,
mashos-api,ai/tests/contract/test_subscription_bootstrap_contracts.py,support,test,account_settings|startup_bootstrap,155,0,,
mashos-api,ai/tests/smoke_test.py,support,test,,10,0,,
mashos-api,ai/tests/test_emlis_ai_greeting_state_store.py,support,test,emlis_ai_response,66,0,,
mashos-api,ai/tools/check_tag_consistency.py,support,tools,,21,0,,
mashos-api,ai/tools/data/raw/import_template.csv,support,tools,,4,0,,
mashos-api,ai/tools/data/train/{{AI_NAME}}_interpret_train.jsonl,support,tools,,10,0,,
mashos-api,ai/tools/docs/data_ingest_guide.txt,support,tools,,35,0,,
mashos-api,ai/tools/import_csv_to_logs.py,support,tools,,91,0,,
mashos-api,ai/tools/import_json_to_logs.py,support,tools,,97,0,,
mashos-api,ai/tools/import_logs.py,support,tools,,230,0,,
mashos-api,ai/tools/import_mapping.yaml,support,tools,,42,0,,
mashos-api,ai/tools/Makefile,support,tools,,9,0,,
mashos-api,ai/tools/rename_ai_name.py,support,tools,,1,0,,
mashos-api,ai/tools/tools/import_logs.py,support,tools,,230,0,,
mashos-api,ai/tools/tools/import_mapping.yaml,support,tools,,42,0,,
mashos-api,ai/tools/tools/validate_logs.py,support,tools,,65,0,,
mashos-api,ai/tools/training/README.md,support,tools,,2,0,,
mashos-api,ai/tools/training/requirements.txt,support,tools,,6,0,,
mashos-api,ai/tools/training/train_lora.py,support,tools,,121,0,,
mashos-api,ai/tools/training/trainset_skeleton.py,support,tools,,32,0,,
mashos-api,ai/tools/validate_logs.py,support,tools,,65,0,,
mashos-api,ai/training/build_dataset.py,support,training,,1,0,,
mashos-api,ai/training/eval.py,support,training,,1,0,,
mashos-api,ai/training/README.md,support,training,,2,0,,
mashos-api,ai/training/requirements.txt,support,training,,6,0,,
mashos-api,ai/training/train_lora.py,support,training,,121,0,,
mashos-api,scripts/backfill_generated_reflection_display_cleanup.py,support,repo_script,nexus_piece,97,1,ai/services/ai_inference/generated_reflection_maintenance.py,
mashos-api,scripts/check_no_direct_supabase.py,support,repo_script,,132,0,,
mashos-api,scripts/mashos_cron_runner.py,support,repo_script,,277,0,,
