repo_zip_before,repo_zip_after,change_type,path,old_size,new_size,old_sha256,new_sha256
,mashos-api_11(17).zip,added,mashos-api/ai/services/ai_inference/emlis_ai_complete_initial_surface_availability.py,,36575,,570da6a4a215cf475b411d7dca8633bf87910d214019e24690a4302c4b111e29
,mashos-api_11(17).zip,added,mashos-api/ai/services/ai_inference/emlis_ai_complete_initial_surface_recomposition.py,,31536,,3d821935e57123e9de1d29131e29466c2a2e0f27486bb106a4a63d9abcc2ef0f
,mashos-api_11(17).zip,added,mashos-api/ai/services/ai_inference/emlis_ai_labelled_two_stage_surface_recomposition.py,,32935,,6f5156d8b557836995931a4a355ada69a80dba4ae0e8dfa8f829b95f58eeae57
,mashos-api_11(17).zip,added,mashos-api/ai/services/ai_inference/emlis_ai_product_surface_validation.py,,47895,,020586899182cba5514c72e517207a6ea7716dccd551de81a998bab01f65252a
,mashos-api_11(17).zip,added,mashos-api/ai/services/ai_inference/emlis_ai_public_observation_recovery_status.py,,24209,,06e2c4adc492d19a987231b5296bf4406d24ec83160539ca928a7e824011892e
,mashos-api_11(17).zip,added,mashos-api/ai/services/ai_inference/emlis_ai_public_surface_requirement.py,,37870,,b913ec179094a72c80e9b0e6f6091ec755c2c6d48216cdae487c5ff696eec46d
,mashos-api_11(17).zip,added,mashos-api/ai/tests/helpers/emlis_ai_public_observation_recovery_p0.py,,21112,,91cbaab83c3f3cff999214465dfe7cff7bb00693b7a28822049bdb6c8fc4fce8
,mashos-api_11(17).zip,added,mashos-api/ai/tests/test_emlis_ai_complete_initial_surface_availability_p4.py,,9026,,7eb434f5e4493ee7b33a18bda99775310c19f185d8b4f652ca3f48126ceaf6a2
,mashos-api_11(17).zip,added,mashos-api/ai/tests/test_emlis_ai_complete_initial_surface_recomposition_p5.py,,8243,,e66514da2f629a3809b30baab3f6969cf86489f1207f2b5e6c09a0d24f73f7cf
,mashos-api_11(17).zip,added,mashos-api/ai/tests/test_emlis_ai_gate_recovery_normal_observation_rebuild_boundary_p2.py,,13460,,456a57e075ef95dd1636064f1e54fc28cffb4e77c92c12b59ba9c39ef794762b
,mashos-api_11(17).zip,added,mashos-api/ai/tests/test_emlis_ai_labelled_two_stage_surface_recomposition_p6.py,,10838,,c547a3d747618c0034af295dab9cb94566a0de8d93e84ee897cf8588ae8cb9cb
,mashos-api_11(17).zip,added,mashos-api/ai/tests/test_emlis_ai_product_surface_validation_p3.py,,11260,,3d1eef59f050c1c3dcebd7fd0f93da80737ea0edf7653e395254c93ecddba541
,mashos-api_11(17).zip,added,mashos-api/ai/tests/test_emlis_ai_public_meta_product_quality_lineage_p8.py,,11788,,be8606f9f792a655b1a9e34346c2ca50bc9e08d85045be480db78aa86ed3d341
,mashos-api_11(17).zip,added,mashos-api/ai/tests/test_emlis_ai_public_observation_recovery_acceptance_p0.py,,8409,,91904f9bfc3f69957a667a9c70c6b8395251901b2305a27d0206476d587b337d
,mashos-api_11(17).zip,added,mashos-api/ai/tests/test_emlis_ai_public_surface_requirement_p1.py,,8806,,8024f9fa35a317a421f23b8a0ed2f90d107b5e9165ad8e474afeac73070c6c4f
,mashos-api_11(17).zip,added,mashos-api/ai/tests/test_emotion_submit_public_feedback_inclusion_summary_p7.py,,11411,,4e09455720c3a8647b0db05ea7cb912f33604a33b01e6b96d06ec6e46cc351dc
mashos-api(123).zip,mashos-api_11(17).zip,changed,mashos-api/ai/services/ai_inference/emlis_ai_complete_surface_realizer.py,257804,258509,61353df31d7dd619684c4fa63a1fa36bf323b3043205c3f43f7da9b38aeab3ad,c7295912dc026c6a8322c990ca8db00f4c128043a92f359088358dbe8b7bab47
mashos-api(123).zip,mashos-api_11(17).zip,changed,mashos-api/ai/services/ai_inference/emlis_ai_gate_recovery_loop.py,98476,101013,43b2d18e71ba1b668f9746a4a4b2d9b594738417ab84b9f9c6f0dd288b7b7560,465615603b55cb9c3e8b7fdd006c893708c7318f21ece60277f28b4b56b69dd5
mashos-api(123).zip,mashos-api_11(17).zip,changed,mashos-api/ai/services/ai_inference/emlis_ai_gate_recovery_public_candidate_builder.py,83941,102659,55a33f85406a3eca63d221a0b05f2a055aeb2584b078f2ecace125bd0afadd15,8189357dbe24c1318750f2ee9b7f2e37c35a75970a4d4dc9dc9f6068d1f29f0e
mashos-api(123).zip,mashos-api_11(17).zip,changed,mashos-api/ai/services/ai_inference/emlis_ai_gate_recovery_public_constants.py,8778,10015,13dbc9b0a75dfd6527a171f4b8b67c2c6d8c5859344ae88fd4b7f0e9c11109e4,9e25149d7968f4cabb63bc4cad8b63538d33f29aba1605aedf8a6066f8162411
mashos-api(123).zip,mashos-api_11(17).zip,changed,mashos-api/ai/services/ai_inference/emlis_ai_product_quality_measurement_event.py,73250,82848,fb913363a816278bf8aee3bfa3cea1ecaa39ed6690d70c19732ed5eb8d20c5f9,2fd06e6836d4edb81dd108f694a64161ea922e062bc50ba8fee5554e36e51ec7
mashos-api(123).zip,mashos-api_11(17).zip,changed,mashos-api/ai/services/ai_inference/emlis_ai_product_quality_validation_plan.py,67946,68060,fb31935de417cdb71ef403fd1fd6666d2003f58857f1ac38fbda03dfa330a2fe,352e842c1fa6943c8bba5a0f5ca038b12de9cf1143713d706e31f242ad5acde4
mashos-api(123).zip,mashos-api_11(17).zip,changed,mashos-api/ai/services/ai_inference/emlis_ai_public_feedback_meta.py,58928,82913,0a5c383bfbff71a43336a2c4e638b22f017878e64f8c6adf4017f273093d6f32,b1935054034d6b2926b98733e2f5a1c4fcd29f3f09386613219fcb048e25c912
mashos-api(123).zip,mashos-api_11(17).zip,changed,mashos-api/ai/services/ai_inference/emlis_ai_reply_service.py,401633,416623,f0f17040fce26ae48d4d5d2a821a5e1c6e59e2d5dfb30d0fae2b4d83a1ced69f,9253ab1eb631531651a8d82b39881188cdc2df8e6a04ccc25b4fcaf856493753
mashos-api(123).zip,mashos-api_11(17).zip,changed,mashos-api/ai/services/ai_inference/emotion_submit_service.py,49749,62059,314bea27ecbac690c81509a290012f6497ee8b687564d86a3c0c5b3fd3dcbbed,0509612ed545124d8d8c9dfa3188ad47292888667c0106feada5ea59de827835
mashos-api(123).zip,mashos-api_11(17).zip,changed,mashos-api/ai/tests/helpers/emlis_ai_phase19_public_feedback_matrix.py,23625,25879,1a3653ae1b1aad05478ecb8ed5e31086df67fe0849132da11887db057803d4f5,a79ce4951034d55dce10753ef867e70fc711c79e702d2ff8b1dd14f5058ecff1
mashos-api(123).zip,mashos-api_11(17).zip,changed,mashos-api/ai/tests/test_emotion_submit_phase19_real_device_abcd_public_feedback_e2e.py,33673,34728,18cc2d1db8666c06ab98ccfeb8dff8464e11a0ba5984bd797b7049b87a7bc53b,6a75ac5888f1f67966b6f6a27c0eedd135bff1aa6f2c6dc4cf5971f84b553de4
