path,change_type,phase,work_item,notes
mashos-api/ai/services/ai_inference/emlis_ai_p7_r47_local_review_packet_policy.py,added,P7-R47,R0〜R15 local review packet policy module,R0/R1 current source・scope freeze、R2/R3 local-only storage/export denylist、R4/R5 schema、R6/R7 rating/blocker/notes、R8/R9 disposal/P5、R10/R11 P6/real device、R12/R13 ledger/contract test、R14/R15 validation/touch boundaryをbody-free policyとして固定するbackend internal helper。
mashos-api/ai/tests/test_emlis_ai_p7_r47_local_review_packet_policy_r0_r1_20260618.py,added,P7-R47,R0/R1 source handoff / scope freeze contract tests,R46 branch A handoff、HOLD未完、R47 scope/schema/packet kind enum固定を検証する。
mashos-api/ai/tests/test_emlis_ai_p7_r47_local_review_packet_policy_r2_r3_20260618.py,added,P7-R47,R2/R3 storage root / export denylist contract tests,COCOLON_EMLIS_LOCAL_REVIEW_ROOT、repo外local-only、/mnt/data・docs・tests・services・git/zip混入防止を検証する。
mashos-api/ai/tests/test_emlis_ai_p7_r47_local_review_packet_policy_r4_r5_20260618.py,added,P7-R47,R4/R5 body-full schema / body-free manifest contract tests,body-full local-only packet schema案とbody-free manifest schema案を固定し、本文payload混入禁止を検証する。
mashos-api/ai/tests/test_emlis_ai_p7_r47_local_review_packet_policy_r6_r7_20260618.py,added,P7-R47,R6/R7 rating blocker / reviewer notes contract tests,body-free rating/blocker row schema、reviewer free text / notes local-only、sanitized_reason_id化を検証する。
mashos-api/ai/tests/test_emlis_ai_p7_r47_local_review_packet_policy_r8_r9_20260618.py,added,P7-R47,R8/R9 disposal / P5 packet policy contract tests,72h/24h retention、body-free disposal receipt、P5 human Blind QA packet policyと開始条件の境界を検証する。
mashos-api/ai/tests/test_emlis_ai_p7_r47_local_review_packet_policy_r10_r11_20260618.py,added,P7-R47,R10/R11 P6 / real device packet policy contract tests,P6 limited human readfeel packet policyとreal device modal review packet policyを固定し、実review未実施・RN/API/DB非変更を検証する。
mashos-api/ai/tests/test_emlis_ai_p7_r47_local_review_packet_policy_r12_r13_20260618.py,added,P7-R47,R12/R13 R46 ledger connection / contract test policy tests,R46 next decision ledgerへのbody-free接続、r47_policy_ready、P5 start allowed after policy、contract test方針を検証する。
mashos-api/ai/tests/test_emlis_ai_p7_r47_local_review_packet_policy_r14_r15_20260618.py,added,P7-R47,R14/R15 validation command matrix / touch boundary tests,target validation command matrixと実装段階で触る候補・触らない境界を固定し、未実行green主張を禁止する。
