path,change_type,kind,step_scope,summary,claim_boundary
mashos-api/ai/services/ai_inference/emlis_ai_p7_r54_ahr_post_alr12_explicit_local_only_review_start_retry_operation_20260703.py,added_to_premise_coverage,service_helper,ELR-OP00-ELR-OP19,"Post-ALR12 explicit local-only review start/retry body-free helper; ingests ALR-OP12 retry/start action, gates explicit local-only allow, session envelope, 24-case manifest, packet receipt, scan receipt, reviewer selection-only boundary, lifecycle state, actual operation receipt, sanitized rows, rating rows, question need observation rows, purge receipt, final no-leak validation, complete predicate, DMD-compatible handoff candidate, downstream manual hold, and OP19 result closure without executing actual review",helper_or_result_memo_not_actual_review_execution_not_downstream_promotion_not_p7_complete_not_release
mashos-api/ai/tests/R54_AHR_PostALR12_ExplicitLocalOnlyReviewStartRetryOperation_ELR_OP00_OP01_Result_20260703.md,added_to_premise_coverage,result_memo,ELR-OP00-ELR-OP01,Body-free result memo and claim boundary record through scope/no-touch/no-promotion and ALR-OP12 intake,helper_or_result_memo_not_actual_review_execution_not_downstream_promotion_not_p7_complete_not_release
mashos-api/ai/tests/R54_AHR_PostALR12_ExplicitLocalOnlyReviewStartRetryOperation_ELR_OP00_OP03_Result_20260703.md,added_to_premise_coverage,result_memo,ELR-OP00-ELR-OP03,Body-free result memo and claim boundary record through explicit allow receipt gate and session role boundary,helper_or_result_memo_not_actual_review_execution_not_downstream_promotion_not_p7_complete_not_release
mashos-api/ai/tests/R54_AHR_PostALR12_ExplicitLocalOnlyReviewStartRetryOperation_ELR_OP00_OP05_Result_20260703.md,added_to_premise_coverage,result_memo,ELR-OP00-ELR-OP05,Body-free result memo and claim boundary record through 24-case manifest and packet generation receipt intake,helper_or_result_memo_not_actual_review_execution_not_downstream_promotion_not_p7_complete_not_release
mashos-api/ai/tests/R54_AHR_PostALR12_ExplicitLocalOnlyReviewStartRetryOperation_ELR_OP00_OP07_Result_20260703.md,added_to_premise_coverage,result_memo,ELR-OP00-ELR-OP07,Body-free result memo and claim boundary record through packet completeness/export scan and reviewer selection-only boundary,helper_or_result_memo_not_actual_review_execution_not_downstream_promotion_not_p7_complete_not_release
mashos-api/ai/tests/R54_AHR_PostALR12_ExplicitLocalOnlyReviewStartRetryOperation_ELR_OP00_OP09_Result_20260703.md,added_to_premise_coverage,result_memo,ELR-OP00-ELR-OP09,Body-free result memo and claim boundary record through lifecycle state capture and actual operation receipt intake boundary,helper_or_result_memo_not_actual_review_execution_not_downstream_promotion_not_p7_complete_not_release
mashos-api/ai/tests/R54_AHR_PostALR12_ExplicitLocalOnlyReviewStartRetryOperation_ELR_OP00_OP11_Result_20260703.md,added_to_premise_coverage,result_memo,ELR-OP00-ELR-OP11,Body-free result memo and claim boundary record through sanitized rows and rating rows normalization boundary,helper_or_result_memo_not_actual_review_execution_not_downstream_promotion_not_p7_complete_not_release
mashos-api/ai/tests/R54_AHR_PostALR12_ExplicitLocalOnlyReviewStartRetryOperation_ELR_OP00_OP13_Result_20260704.md,added_to_premise_coverage,result_memo,ELR-OP00-ELR-OP13,Body-free result memo and claim boundary record through question need observation rows and rating-question blocker separation,helper_or_result_memo_not_actual_review_execution_not_downstream_promotion_not_p7_complete_not_release
mashos-api/ai/tests/R54_AHR_PostALR12_ExplicitLocalOnlyReviewStartRetryOperation_ELR_OP00_OP15_Result_20260704.md,added_to_premise_coverage,result_memo,ELR-OP00-ELR-OP15,Body-free result memo and claim boundary record through disposal/purge receipt and final no-leak/no-touch validation,helper_or_result_memo_not_actual_review_execution_not_downstream_promotion_not_p7_complete_not_release
mashos-api/ai/tests/R54_AHR_PostALR12_ExplicitLocalOnlyReviewStartRetryOperation_ELR_OP00_OP17_Result_20260704.md,added_to_premise_coverage,result_memo,ELR-OP00-ELR-OP17,Body-free result memo and claim boundary record through complete predicate and DMD-compatible receipt handoff candidate,helper_or_result_memo_not_actual_review_execution_not_downstream_promotion_not_p7_complete_not_release
mashos-api/ai/tests/R54_AHR_PostALR12_ExplicitLocalOnlyReviewStartRetryOperation_ELR_OP00_OP19_Result_20260704.md,added_to_premise_coverage,result_memo,ELR-OP00-ELR-OP19,Body-free result memo and claim boundary record for downstream non-promotion manual decision hold and validation closure,helper_or_result_memo_not_actual_review_execution_not_downstream_promotion_not_p7_complete_not_release
mashos-api/ai/tests/test_r54_ahr_post_alr12_explicit_local_only_review_start_retry_operation_elr_op00_op01_20260703.py,added_to_premise_coverage,target_test,ELR-OP00-ELR-OP01,scope/no-touch/no-promotion re-freeze after ALR-OP12 and ALR-OP12 result memo / selected action intake target validation,helper_or_result_memo_not_actual_review_execution_not_downstream_promotion_not_p7_complete_not_release
mashos-api/ai/tests/test_r54_ahr_post_alr12_explicit_local_only_review_start_retry_operation_elr_op02_op03_20260703.py,added_to_premise_coverage,target_test,ELR-OP02-ELR-OP03,explicit local-only allow receipt acceptance gate and local-only review session / role boundary target validation,helper_or_result_memo_not_actual_review_execution_not_downstream_promotion_not_p7_complete_not_release
mashos-api/ai/tests/test_r54_ahr_post_alr12_explicit_local_only_review_start_retry_operation_elr_op04_op05_20260703.py,added_to_premise_coverage,target_test,ELR-OP04-ELR-OP05,24-case manifest / body-full packet request boundary and packet generation local receipt intake boundary target validation,helper_or_result_memo_not_actual_review_execution_not_downstream_promotion_not_p7_complete_not_release
mashos-api/ai/tests/test_r54_ahr_post_alr12_explicit_local_only_review_start_retry_operation_elr_op06_op07_20260703.py,added_to_premise_coverage,target_test,ELR-OP06-ELR-OP07,packet completeness / export denylist scan receipt and reviewer person / selection-only form freeze target validation,helper_or_result_memo_not_actual_review_execution_not_downstream_promotion_not_p7_complete_not_release
mashos-api/ai/tests/test_r54_ahr_post_alr12_explicit_local_only_review_start_retry_operation_elr_op08_op09_20260703.py,added_to_premise_coverage,target_test,ELR-OP08-ELR-OP09,actual review operation lifecycle state capture and actual operation receipt intake target validation,helper_or_result_memo_not_actual_review_execution_not_downstream_promotion_not_p7_complete_not_release
mashos-api/ai/tests/test_r54_ahr_post_alr12_explicit_local_only_review_start_retry_operation_elr_op10_op11_20260703.py,added_to_premise_coverage,target_test,ELR-OP10-ELR-OP11,sanitized review result rows intake / provenance guard and rating rows normalization / threshold summary target validation,helper_or_result_memo_not_actual_review_execution_not_downstream_promotion_not_p7_complete_not_release
mashos-api/ai/tests/test_r54_ahr_post_alr12_explicit_local_only_review_start_retry_operation_elr_op12_op13_20260703.py,added_to_premise_coverage,target_test,ELR-OP12-ELR-OP13,question need observation rows normalization and rating-question consistency / blocker separation target validation,helper_or_result_memo_not_actual_review_execution_not_downstream_promotion_not_p7_complete_not_release
mashos-api/ai/tests/test_r54_ahr_post_alr12_explicit_local_only_review_start_retry_operation_elr_op14_op15_20260703.py,added_to_premise_coverage,target_test,ELR-OP14-ELR-OP15,disposal / purge receipt intake and final no-body/no-question/no-path/no-hash/no-terminal/no-touch validation target validation,helper_or_result_memo_not_actual_review_execution_not_downstream_promotion_not_p7_complete_not_release
mashos-api/ai/tests/test_r54_ahr_post_alr12_explicit_local_only_review_start_retry_operation_elr_op16_op17_20260703.py,added_to_premise_coverage,target_test,ELR-OP16-ELR-OP17,actual_review_evidence_complete predicate and DMD-compatible actual_operation_evidence_receipt adapter / handoff candidate target validation,helper_or_result_memo_not_actual_review_execution_not_downstream_promotion_not_p7_complete_not_release
mashos-api/ai/tests/test_r54_ahr_post_alr12_explicit_local_only_review_start_retry_operation_elr_op18_op19_20260703.py,added_to_premise_coverage,target_test,ELR-OP18-ELR-OP19,downstream non-promotion manual decision hold and result memo / validation closure target validation,helper_or_result_memo_not_actual_review_execution_not_downstream_promotion_not_p7_complete_not_release
